This is XeTeX, Version 3.141592653-2.6-0.999995 (TeX Live 2023/Debian) (preloaded format=xelatex 2026.7.14)  9 AUG 2026 05:37
entering extended mode
 restricted \write18 enabled.
 %&-line parsing enabled.
**novel.tex
(./novel.tex
LaTeX2e <2023-11-01> patch level 1
L3 programming layer <2024-01-22>
(/usr/share/texlive/texmf-dist/tex/latex/base/book.cls
Document Class: book 2023/05/17 v1.4n Standard LaTeX document class
(/usr/share/texlive/texmf-dist/tex/latex/base/bk11.clo
File: bk11.clo 2023/05/17 v1.4n Standard LaTeX file (size option)
)
\c@part=\count183
\c@chapter=\count184
\c@section=\count185
\c@subsection=\count186
\c@subsubsection=\count187
\c@paragraph=\count188
\c@subparagraph=\count189
\c@figure=\count190
\c@table=\count191
\abovecaptionskip=\skip48
\belowcaptionskip=\skip49
\bibindent=\dimen140
)
(/usr/share/texlive/texmf-dist/tex/latex/geometry/geometry.sty
Package: geometry 2020/01/02 v5.9 Page Geometry

(/usr/share/texlive/texmf-dist/tex/latex/graphics/keyval.sty
Package: keyval 2022/05/29 v1.15 key=value parser (DPC)
\KV@toks@=\toks17
)
(/usr/share/texlive/texmf-dist/tex/generic/iftex/ifvtex.sty
Package: ifvtex 2019/10/25 v1.7 ifvtex legacy package. Use iftex instead.

(/usr/share/texlive/texmf-dist/tex/generic/iftex/iftex.sty
Package: iftex 2022/02/03 v1.0f TeX engine tests
))
\Gm@cnth=\count192
\Gm@cntv=\count193
\c@Gm@tempcnt=\count194
\Gm@bindingoffset=\dimen141
\Gm@wd@mp=\dimen142
\Gm@odd@mp=\dimen143
\Gm@even@mp=\dimen144
\Gm@layoutwidth=\dimen145
\Gm@layoutheight=\dimen146
\Gm@layouthoffset=\dimen147
\Gm@layoutvoffset=\dimen148
\Gm@dimlist=\toks18
)
(/usr/share/texlive/texmf-dist/tex/latex/fontspec/fontspec.sty
(/usr/share/texlive/texmf-dist/tex/latex/l3packages/xparse/xparse.sty
(/usr/share/texlive/texmf-dist/tex/latex/l3kernel/expl3.sty
Package: expl3 2024-01-22 L3 programming layer (loader) 

(/usr/share/texlive/texmf-dist/tex/latex/l3backend/l3backend-xetex.def
File: l3backend-xetex.def 2024-01-04 L3 backend support: XeTeX
\g__graphics_track_int=\count195
\l__pdf_internal_box=\box51
\g__pdf_backend_object_int=\count196
\g__pdf_backend_annotation_int=\count197
\g__pdf_backend_link_int=\count198
))
Package: xparse 2023-10-10 L3 Experimental document command parser
)
Package: fontspec 2022/01/15 v2.8a Font selection for XeLaTeX and LuaLaTeX

(/usr/share/texlive/texmf-dist/tex/latex/fontspec/fontspec-xetex.sty
Package: fontspec-xetex 2022/01/15 v2.8a Font selection for XeLaTeX and LuaLaTe
X
\l__fontspec_script_int=\count199
\l__fontspec_language_int=\count266
\l__fontspec_strnum_int=\count267
\l__fontspec_tmp_int=\count268
\l__fontspec_tmpa_int=\count269
\l__fontspec_tmpb_int=\count270
\l__fontspec_tmpc_int=\count271
\l__fontspec_em_int=\count272
\l__fontspec_emdef_int=\count273
\l__fontspec_strong_int=\count274
\l__fontspec_strongdef_int=\count275
\l__fontspec_tmpa_dim=\dimen149
\l__fontspec_tmpb_dim=\dimen150
\l__fontspec_tmpc_dim=\dimen151

(/usr/share/texlive/texmf-dist/tex/latex/base/fontenc.sty
Package: fontenc 2021/04/29 v2.0v Standard LaTeX package
)
(/usr/share/texlive/texmf-dist/tex/latex/fontspec/fontspec.cfg)))
(/usr/share/texlive/texmf-dist/tex/latex/polyglossia/polyglossia.sty
Package: polyglossia 2023/12/11 v1.66 Modern multilingual typesetting with XeLa
TeX and LuaLaTeX

(/usr/share/texlive/texmf-dist/tex/latex/etoolbox/etoolbox.sty
Package: etoolbox 2020/10/05 v2.5k e-TeX tools for LaTeX (JAW)
\etb@tempcnta=\count276
)
(/usr/share/texlive/texmf-dist/tex/latex/xkeyval/xkeyval.sty
Package: xkeyval 2022/06/16 v2.9 package option processing (HA)

(/usr/share/texlive/texmf-dist/tex/generic/xkeyval/xkeyval.tex
(/usr/share/texlive/texmf-dist/tex/generic/xkeyval/xkvutils.tex
\XKV@toks=\toks19
\XKV@tempa@toks=\toks20
)
\XKV@depth=\count277
File: xkeyval.tex 2014/12/03 v2.7a key=value parser (HA)
))
\xpg@normalclass=\XeTeXcharclass1

(/usr/share/texlive/texmf-dist/tex/latex/polyglossia/gloss-latex.lde
Package: gloss-latex 2023/12/11 v1.66 polyglossia: module for default language
)
Package polyglossia Info: Default language is latex.
)
(/usr/share/texlive/texmf-dist/tex/latex/polyglossia/gloss-spanish.ldf
File: gloss-spanish.ldf polyglossia: module for Spanish
Package polyglossia Info: Option: spanish, variant=spanish.
Package polyglossia Info: Option: Spanish, spanishoperators=none.
)
Package polyglossia Info: Default language is spanish.


Package fontspec Warning: OpenType feature 'Numbers=Lowercase' (onum) not
(fontspec)                available for font 'EB Garamond/B' with script
(fontspec)                'CustomDefault' and language 'Default'.


Package fontspec Info: Font family 'EBGaramond(0)' created for font 'EB
(fontspec)             Garamond' with options
(fontspec)             [Ligatures=TeX,Ligatures=TeX,Numbers=OldStyle].
(fontspec)              
(fontspec)              This font family consists of the following NFSS
(fontspec)             series/shapes:
(fontspec)              
(fontspec)             - 'normal' (m/n) with NFSS spec.: <->"EB
(fontspec)             Garamond/OT:script=latn;language=dflt;+onum;mapping=tex-
text;"
(fontspec)             - 'small caps'  (m/sc) with NFSS spec.: <->"EB
(fontspec)             Garamond/OT:script=latn;language=dflt;+onum;+smcp;mappin
g=tex-text;"
(fontspec)             - 'bold' (b/n) with NFSS spec.: <->"EB
(fontspec)             Garamond/B/OT:script=latn;language=dflt;mapping=tex-text
;"
(fontspec)             - 'bold small caps'  (b/sc) with NFSS spec.: 
(fontspec)             - 'italic' (m/it) with NFSS spec.: <->"EB
(fontspec)             Garamond/I/OT:script=latn;language=dflt;+onum;mapping=te
x-text;"
(fontspec)             - 'italic small caps'  (m/scit) with NFSS spec.: <->"EB
(fontspec)             Garamond/I/OT:script=latn;language=dflt;+onum;+smcp;mapp
ing=tex-text;"
(fontspec)             - 'bold italic' (b/it) with NFSS spec.: <->"EB
(fontspec)             Garamond/BI/OT:script=latn;language=dflt;+onum;mapping=t
ex-text;"
(fontspec)             - 'bold italic small caps'  (b/scit) with NFSS spec.:
(fontspec)             <->"EB
(fontspec)             Garamond/BI/OT:script=latn;language=dflt;+onum;+smcp;map
ping=tex-text;"

(/usr/share/texlive/texmf-dist/tex/latex/microtype/microtype.sty
Package: microtype 2023/03/13 v3.1a Micro-typographical refinements (RS)
\MT@toks=\toks21
\MT@tempbox=\box52
\MT@count=\count278
LaTeX Info: Redefining \noprotrusionifhmode on input line 1059.
LaTeX Info: Redefining \leftprotrusion on input line 1060.
\MT@prot@toks=\toks22
LaTeX Info: Redefining \rightprotrusion on input line 1078.
LaTeX Info: Redefining \textls on input line 1368.
\MT@outer@kern=\dimen152
LaTeX Info: Redefining \textmicrotypecontext on input line 1988.
\MT@listname@count=\count279

(/usr/share/texlive/texmf-dist/tex/latex/microtype/microtype-xetex.def
File: microtype-xetex.def 2023/03/13 v3.1a Definitions specific to xetex (RS)
LaTeX Info: Redefining \lsstyle on input line 238.
)
Package microtype Info: Loading configuration file microtype.cfg.

(/usr/share/texlive/texmf-dist/tex/latex/microtype/microtype.cfg
File: microtype.cfg 2023/03/13 v3.1a microtype main configuration file (RS)
))
(/usr/share/texlive/texmf-dist/tex/latex/setspace/setspace.sty
Package: setspace 2022/12/04 v6.7b set line spacing
)
(/usr/share/texlive/texmf-dist/tex/latex/parskip/parskip.sty
Package: parskip 2021-03-14 v2.0h non-zero parskip adjustments

(/usr/share/texlive/texmf-dist/tex/latex/kvoptions/kvoptions.sty
Package: kvoptions 2022-06-15 v3.15 Key value format for package options (HO)

(/usr/share/texlive/texmf-dist/tex/generic/ltxcmds/ltxcmds.sty
Package: ltxcmds 2023-12-04 v1.26 LaTeX kernel commands for general use (HO)
)
(/usr/share/texlive/texmf-dist/tex/latex/kvsetkeys/kvsetkeys.sty
Package: kvsetkeys 2022-10-05 v1.19 Key value parser (HO)
)))
(/usr/share/texlive/texmf-dist/tex/latex/graphics/graphicx.sty
Package: graphicx 2021/09/16 v1.2d Enhanced LaTeX Graphics (DPC,SPQR)

(/usr/share/texlive/texmf-dist/tex/latex/graphics/graphics.sty
Package: graphics 2022/03/10 v1.4e Standard LaTeX Graphics (DPC,SPQR)

(/usr/share/texlive/texmf-dist/tex/latex/graphics/trig.sty
Package: trig 2021/08/11 v1.11 sin cos tan (DPC)
)
(/usr/share/texlive/texmf-dist/tex/latex/graphics-cfg/graphics.cfg
File: graphics.cfg 2016/06/04 v1.11 sample graphics configuration
)
Package graphics Info: Driver file: xetex.def on input line 107.

(/usr/share/texlive/texmf-dist/tex/latex/graphics-def/xetex.def
File: xetex.def 2022/09/22 v5.0n Graphics/color driver for xetex
))
\Gin@req@height=\dimen153
\Gin@req@width=\dimen154
)
(/usr/share/texlive/texmf-dist/tex/latex/lettrine/lettrine.sty
File: lettrine.sty 2024-01-20 v2.60 (Daniel Flipo)

(/usr/share/texlive/texmf-dist/tex/latex/l3packages/xfp/xfp.sty
Package: xfp 2023-10-10 L3 Floating point unit
)
\c@DefaultLines=\count280
\c@DefaultDepth=\count281
\DefaultFindent=\dimen155
\DefaultNindent=\dimen156
\DefaultSlope=\dimen157
\DiscardVskip=\dimen158
\L@lettrine=\box53
\L@lbox=\box54
\L@tbox=\box55
\c@L@lines=\count282
\c@L@depth=\count283
\L@Pindent=\dimen159
\L@Findent=\dimen160
\L@Nindent=\dimen161
\L@lraise=\dimen162
\L@first=\dimen163
\L@next=\dimen164
\L@slope=\dimen165
\L@height=\dimen166
\L@novskip=\dimen167
\L@ruleht=\dimen168
\L@target@ht=\dimen169
\L@target@dp=\dimen170
\L@target@tht=\dimen171
\LettrineWidth=\dimen172
\LettrineHeight=\dimen173
\LettrineDepth=\dimen174

Loading lettrine.cfg
(/usr/share/texlive/texmf-dist/tex/latex/lettrine/lettrine.cfg)
\Llist@everypar=\toks23
)
(/usr/share/texlive/texmf-dist/tex/latex/fancyhdr/fancyhdr.sty
Package: fancyhdr 2022/11/09 v4.1 Extensive control of page headers and footers

\f@nch@headwidth=\skip50
\f@nch@O@elh=\skip51
\f@nch@O@erh=\skip52
\f@nch@O@olh=\skip53
\f@nch@O@orh=\skip54
\f@nch@O@elf=\skip55
\f@nch@O@erf=\skip56
\f@nch@O@olf=\skip57
\f@nch@O@orf=\skip58
)
(/usr/share/texlive/texmf-dist/tex/latex/titlesec/titlesec.sty
Package: titlesec 2023/10/27 v2.16 Sectioning titles
\ttl@box=\box56
\beforetitleunit=\skip59
\aftertitleunit=\skip60
\ttl@plus=\dimen175
\ttl@minus=\dimen176
\ttl@toksa=\toks24
\titlewidth=\dimen177
\titlewidthlast=\dimen178
\titlewidthfirst=\dimen179
)
(/usr/share/texlive/texmf-dist/tex/latex/hyperref/hyperref.sty
Package: hyperref 2024-01-20 v7.01h Hypertext links for LaTeX

(/usr/share/texlive/texmf-dist/tex/generic/kvdefinekeys/kvdefinekeys.sty
Package: kvdefinekeys 2019-12-19 v1.6 Define keys (HO)
)
(/usr/share/texlive/texmf-dist/tex/generic/pdfescape/pdfescape.sty
Package: pdfescape 2019/12/09 v1.15 Implements pdfTeX's escape features (HO)

(/usr/share/texlive/texmf-dist/tex/generic/pdftexcmds/pdftexcmds.sty
Package: pdftexcmds 2020-06-27 v0.33 Utility functions of pdfTeX for LuaTeX (HO
)

(/usr/share/texlive/texmf-dist/tex/generic/infwarerr/infwarerr.sty
Package: infwarerr 2019/12/03 v1.5 Providing info/warning/error messages (HO)
)
Package pdftexcmds Info: \pdf@primitive is available.
Package pdftexcmds Info: \pdf@ifprimitive is available.
Package pdftexcmds Info: \pdfdraftmode not found.
))
(/usr/share/texlive/texmf-dist/tex/latex/hycolor/hycolor.sty
Package: hycolor 2020-01-27 v1.10 Color options for hyperref/bookmark (HO)
)
(/usr/share/texlive/texmf-dist/tex/latex/auxhook/auxhook.sty
Package: auxhook 2019-12-17 v1.6 Hooks for auxiliary files (HO)
)
(/usr/share/texlive/texmf-dist/tex/latex/hyperref/nameref.sty
Package: nameref 2023-11-26 v2.56 Cross-referencing by name of section

(/usr/share/texlive/texmf-dist/tex/latex/refcount/refcount.sty
Package: refcount 2019/12/15 v3.6 Data extraction from label references (HO)
)
(/usr/share/texlive/texmf-dist/tex/generic/gettitlestring/gettitlestring.sty
Package: gettitlestring 2019/12/15 v1.6 Cleanup title references (HO)
)
\c@section@level=\count284
)
\@linkdim=\dimen180
\Hy@linkcounter=\count285
\Hy@pagecounter=\count286

(/usr/share/texlive/texmf-dist/tex/latex/hyperref/pd1enc.def
File: pd1enc.def 2024-01-20 v7.01h Hyperref: PDFDocEncoding definition (HO)
)
(/usr/share/texlive/texmf-dist/tex/generic/intcalc/intcalc.sty
Package: intcalc 2019/12/15 v1.3 Expandable calculations with integers (HO)
)
\Hy@SavedSpaceFactor=\count287

(/usr/share/texlive/texmf-dist/tex/latex/hyperref/puenc.def
File: puenc.def 2024-01-20 v7.01h Hyperref: PDF Unicode definition (HO)
)
Package hyperref Info: Hyper figures OFF on input line 4179.
Package hyperref Info: Link nesting OFF on input line 4184.
Package hyperref Info: Hyper index ON on input line 4187.
Package hyperref Info: Plain pages OFF on input line 4194.
Package hyperref Info: Backreferencing OFF on input line 4199.
Package hyperref Info: Implicit mode ON; LaTeX internals redefined.
Package hyperref Info: Bookmarks ON on input line 4446.
\c@Hy@tempcnt=\count288

(/usr/share/texlive/texmf-dist/tex/latex/url/url.sty
\Urlmuskip=\muskip16
Package: url 2013/09/16  ver 3.4  Verb mode for urls, etc.
)
LaTeX Info: Redefining \url on input line 4784.
\XeTeXLinkMargin=\dimen181

(/usr/share/texlive/texmf-dist/tex/generic/bitset/bitset.sty
Package: bitset 2019/12/09 v1.3 Handle bit-vector datatype (HO)

(/usr/share/texlive/texmf-dist/tex/generic/bigintcalc/bigintcalc.sty
Package: bigintcalc 2019/12/15 v1.5 Expandable calculations on big integers (HO
)
))
\Fld@menulength=\count289
\Field@Width=\dimen182
\Fld@charsize=\dimen183
Package hyperref Info: Hyper figures OFF on input line 6063.
Package hyperref Info: Link nesting OFF on input line 6068.
Package hyperref Info: Hyper index ON on input line 6071.
Package hyperref Info: backreferencing OFF on input line 6078.
Package hyperref Info: Link coloring OFF on input line 6083.
Package hyperref Info: Link coloring with OCG OFF on input line 6088.
Package hyperref Info: PDF/A mode OFF on input line 6093.

(/usr/share/texlive/texmf-dist/tex/latex/base/atbegshi-ltx.sty
Package: atbegshi-ltx 2021/01/10 v1.0c Emulation of the original atbegshi
package with kernel methods
)
\Hy@abspage=\count290
\c@Item=\count291
\c@Hfootnote=\count292
)
Package hyperref Info: Driver (autodetected): hxetex.

(/usr/share/texlive/texmf-dist/tex/latex/hyperref/hxetex.def
File: hxetex.def 2024-01-20 v7.01h Hyperref driver for XeTeX

(/usr/share/texlive/texmf-dist/tex/generic/stringenc/stringenc.sty
Package: stringenc 2019/11/29 v1.12 Convert strings between diff. encodings (HO
)
)
\pdfm@box=\box57
\c@Hy@AnnotLevel=\count293
\HyField@AnnotCount=\count294
\Fld@listcount=\count295
\c@bookmark@seq@number=\count296

(/usr/share/texlive/texmf-dist/tex/latex/rerunfilecheck/rerunfilecheck.sty
Package: rerunfilecheck 2022-07-10 v1.10 Rerun checks for auxiliary files (HO)

(/usr/share/texlive/texmf-dist/tex/latex/base/atveryend-ltx.sty
Package: atveryend-ltx 2020/08/19 v1.0a Emulation of the original atveryend pac
kage
with kernel methods
)
(/usr/share/texlive/texmf-dist/tex/generic/uniquecounter/uniquecounter.sty
Package: uniquecounter 2019/12/15 v1.4 Provide unlimited unique counter (HO)
)
Package uniquecounter Info: New unique counter `rerunfilecheck' on input line 2
85.
)
\Hy@SectionHShift=\skip61
)
(./novel.aux)
\openout1 = `novel.aux'.

LaTeX Font Info:    Checking defaults for OML/cmm/m/it on input line 148.
LaTeX Font Info:    ... okay on input line 148.
LaTeX Font Info:    Checking defaults for OMS/cmsy/m/n on input line 148.
LaTeX Font Info:    ... okay on input line 148.
LaTeX Font Info:    Checking defaults for OT1/cmr/m/n on input line 148.
LaTeX Font Info:    ... okay on input line 148.
LaTeX Font Info:    Checking defaults for T1/cmr/m/n on input line 148.
LaTeX Font Info:    ... okay on input line 148.
LaTeX Font Info:    Checking defaults for TS1/cmr/m/n on input line 148.
LaTeX Font Info:    Trying to load font information for TS1+cmr on input line 1
48.
 (/usr/share/texlive/texmf-dist/tex/latex/base/ts1cmr.fd
File: ts1cmr.fd 2023/04/13 v2.5m Standard LaTeX font definitions
)
LaTeX Font Info:    ... okay on input line 148.
LaTeX Font Info:    Checking defaults for TU/lmr/m/n on input line 148.
LaTeX Font Info:    ... okay on input line 148.
LaTeX Font Info:    Checking defaults for OMX/cmex/m/n on input line 148.
LaTeX Font Info:    ... okay on input line 148.
LaTeX Font Info:    Checking defaults for U/cmr/m/n on input line 148.
LaTeX Font Info:    ... okay on input line 148.
LaTeX Font Info:    Checking defaults for PD1/pdf/m/n on input line 148.
LaTeX Font Info:    ... okay on input line 148.
LaTeX Font Info:    Checking defaults for PU/pdf/m/n on input line 148.
LaTeX Font Info:    ... okay on input line 148.

*geometry* driver: auto-detecting
*geometry* detected driver: xetex
*geometry* verbose mode - [ preamble ] result:
* driver: xetex
* paper: custom
* layout: <same size as paper>
* layoutoffset:(h,v)=(0.0pt,0.0pt)
* modes: twoside 
* h-part:(L,W,R)=(61.42993pt, 289.08pt, 46.97505pt)
* v-part:(T,H,B)=(54.2025pt, 498.66257pt, 61.42993pt)
* \paperwidth=397.48499pt
* \paperheight=614.295pt
* \textwidth=289.08pt
* \textheight=498.66257pt
* \oddsidemargin=-10.84006pt
* \evensidemargin=-25.29494pt
* \topmargin=-51.94128pt
* \headheight=14.0pt
* \headsep=19.8738pt
* \topskip=11.0pt
* \footskip=27.46295pt
* \marginparwidth=116.0pt
* \marginparsep=7.0pt
* \columnsep=10.0pt
* \skip\footins=10.0pt plus 4.0pt minus 2.0pt
* \hoffset=0.0pt
* \voffset=0.0pt
* \mag=1000
* \@twocolumnfalse
* \@twosidetrue
* \@mparswitchtrue
* \@reversemarginfalse
* (1in=72.27pt=25.4mm, 1cm=28.453pt)


Package fontspec Info: Adjusting the maths setup (use [no-math] to avoid
(fontspec)             this).

\symlegacymaths=\mathgroup4
LaTeX Font Info:    Overwriting symbol font `legacymaths' in version `bold'
(Font)                  OT1/cmr/m/n --> OT1/cmr/bx/n on input line 148.
LaTeX Font Info:    Redeclaring math accent \acute on input line 148.
LaTeX Font Info:    Redeclaring math accent \grave on input line 148.
LaTeX Font Info:    Redeclaring math accent \ddot on input line 148.
LaTeX Font Info:    Redeclaring math accent \tilde on input line 148.
LaTeX Font Info:    Redeclaring math accent \bar on input line 148.
LaTeX Font Info:    Redeclaring math accent \breve on input line 148.
LaTeX Font Info:    Redeclaring math accent \check on input line 148.
LaTeX Font Info:    Redeclaring math accent \hat on input line 148.
LaTeX Font Info:    Redeclaring math accent \dot on input line 148.
LaTeX Font Info:    Redeclaring math accent \mathring on input line 148.
LaTeX Font Info:    Redeclaring math symbol \colon on input line 148.
LaTeX Font Info:    Redeclaring math symbol \Gamma on input line 148.
LaTeX Font Info:    Redeclaring math symbol \Delta on input line 148.
LaTeX Font Info:    Redeclaring math symbol \Theta on input line 148.
LaTeX Font Info:    Redeclaring math symbol \Lambda on input line 148.
LaTeX Font Info:    Redeclaring math symbol \Xi on input line 148.
LaTeX Font Info:    Redeclaring math symbol \Pi on input line 148.
LaTeX Font Info:    Redeclaring math symbol \Sigma on input line 148.
LaTeX Font Info:    Redeclaring math symbol \Upsilon on input line 148.
LaTeX Font Info:    Redeclaring math symbol \Phi on input line 148.
LaTeX Font Info:    Redeclaring math symbol \Psi on input line 148.
LaTeX Font Info:    Redeclaring math symbol \Omega on input line 148.
LaTeX Font Info:    Redeclaring math symbol \mathdollar on input line 148.
LaTeX Font Info:    Redeclaring symbol font `operators' on input line 148.
LaTeX Font Info:    Encoding `OT1' has changed to `TU' for symbol font
(Font)              `operators' in the math version `normal' on input line 148.

LaTeX Font Info:    Overwriting symbol font `operators' in version `normal'
(Font)                  OT1/cmr/m/n --> TU/EBGaramond(0)/m/n on input line 148.

LaTeX Font Info:    Encoding `OT1' has changed to `TU' for symbol font
(Font)              `operators' in the math version `bold' on input line 148.
LaTeX Font Info:    Overwriting symbol font `operators' in version `bold'
(Font)                  OT1/cmr/bx/n --> TU/EBGaramond(0)/m/n on input line 148
.
LaTeX Font Info:    Overwriting symbol font `operators' in version `normal'
(Font)                  TU/EBGaramond(0)/m/n --> TU/EBGaramond(0)/m/n on input 
line 148.
LaTeX Font Info:    Overwriting math alphabet `\mathit' in version `normal'
(Font)                  OT1/cmr/m/it --> TU/EBGaramond(0)/m/it on input line 14
8.
LaTeX Font Info:    Overwriting math alphabet `\mathbf' in version `normal'
(Font)                  OT1/cmr/bx/n --> TU/EBGaramond(0)/b/n on input line 148
.
LaTeX Font Info:    Overwriting math alphabet `\mathsf' in version `normal'
(Font)                  OT1/cmss/m/n --> TU/lmss/m/n on input line 148.
LaTeX Font Info:    Overwriting math alphabet `\mathtt' in version `normal'
(Font)                  OT1/cmtt/m/n --> TU/lmtt/m/n on input line 148.
LaTeX Font Info:    Overwriting symbol font `operators' in version `bold'
(Font)                  TU/EBGaramond(0)/m/n --> TU/EBGaramond(0)/b/n on input 
line 148.
LaTeX Font Info:    Overwriting math alphabet `\mathit' in version `bold'
(Font)                  OT1/cmr/bx/it --> TU/EBGaramond(0)/b/it on input line 1
48.
LaTeX Font Info:    Overwriting math alphabet `\mathsf' in version `bold'
(Font)                  OT1/cmss/bx/n --> TU/lmss/b/n on input line 148.
LaTeX Font Info:    Overwriting math alphabet `\mathtt' in version `bold'
(Font)                  OT1/cmtt/m/n --> TU/lmtt/b/n on input line 148.
LaTeX Info: Redefining \microtypecontext on input line 148.
Package microtype Info: Applying patch `item' on input line 148.
Package microtype Info: Applying patch `toc' on input line 148.
Package microtype Info: Applying patch `eqnum' on input line 148.
Package microtype Info: Applying patch `footnote' on input line 148.
Package microtype Info: Applying patch `verbatim' on input line 148.
Package microtype Info: Character protrusion enabled (level 2).
Package microtype Info: Using default protrusion set `alltext'.
Package microtype Info: No adjustment of tracking.
Package microtype Info: No adjustment of spacing.
Package microtype Info: No adjustment of kerning.
(/usr/share/texlive/texmf-dist/tex/latex/microtype/mt-EBGaramond.cfg
File: mt-EBGaramond.cfg 2021/10/25 v2.0 microtype config. file: EB Garamond / A
dobe Garamond (RS)
)
Package microtype Info: Character `Ҫ' is missing
(microtype)             in font `\TU/EBGaramond(0)/m/n/10.95'.
(microtype)             Ignoring protrusion settings for this character.
Package microtype Info: Character `Ң' is missing
(microtype)             in font `\TU/EBGaramond(0)/m/n/10.95'.
(microtype)             Ignoring protrusion settings for this character.
Package microtype Info: Character `Ӊ' is missing
(microtype)             in font `\TU/EBGaramond(0)/m/n/10.95'.
(microtype)             Ignoring protrusion settings for this character.
Package microtype Info: Character `Ӈ' is missing
(microtype)             in font `\TU/EBGaramond(0)/m/n/10.95'.
(microtype)             Ignoring protrusion settings for this character.
Package microtype Info: Character `Ӎ' is missing
(microtype)             in font `\TU/EBGaramond(0)/m/n/10.95'.
(microtype)             Ignoring protrusion settings for this character.
Package microtype Info: Character `Ҏ' is missing
(microtype)             in font `\TU/EBGaramond(0)/m/n/10.95'.
(microtype)             Ignoring protrusion settings for this character.
Package microtype Info: Character `Ҭ' is missing
(microtype)             in font `\TU/EBGaramond(0)/m/n/10.95'.
(microtype)             Ignoring protrusion settings for this character.
Package microtype Info: Character `Ҳ' is missing
(microtype)             in font `\TU/EBGaramond(0)/m/n/10.95'.
(microtype)             Ignoring protrusion settings for this character.
Package microtype Info: Character `Ӽ' is missing
(microtype)             in font `\TU/EBGaramond(0)/m/n/10.95'.
(microtype)             Ignoring protrusion settings for this character.
Package microtype Info: Character `Ӿ' is missing
(microtype)             in font `\TU/EBGaramond(0)/m/n/10.95'.
(microtype)             Ignoring protrusion settings for this character.
Package microtype Info: Character `ҫ' is missing
(microtype)             in font `\TU/EBGaramond(0)/m/n/10.95'.
(microtype)             Ignoring protrusion settings for this character.
Package microtype Info: Character `ԧ' is missing
(microtype)             in font `\TU/EBGaramond(0)/m/n/10.95'.
(microtype)             Ignoring protrusion settings for this character.
Package microtype Info: Character `ԧ' is missing
(microtype)             in font `\TU/EBGaramond(0)/m/n/10.95'.
(microtype)             Ignoring protrusion settings for this character.
Package microtype Info: Character `ӏ' is missing
(microtype)             in font `\TU/EBGaramond(0)/m/n/10.95'.
(microtype)             Ignoring protrusion settings for this character.
Package microtype Info: Character `ҏ' is missing
(microtype)             in font `\TU/EBGaramond(0)/m/n/10.95'.
(microtype)             Ignoring protrusion settings for this character.
Package microtype Info: Character `ҳ' is missing
(microtype)             in font `\TU/EBGaramond(0)/m/n/10.95'.
(microtype)             Ignoring protrusion settings for this character.
Package microtype Info: Character `Ғ' is missing
(microtype)             in font `\TU/EBGaramond(0)/m/n/10.95'.
(microtype)             Ignoring protrusion settings for this character.
Package microtype Info: Character `Ӷ' is missing
(microtype)             in font `\TU/EBGaramond(0)/m/n/10.95'.
(microtype)             Ignoring protrusion settings for this character.
Package microtype Info: Character `Җ' is missing
(microtype)             in font `\TU/EBGaramond(0)/m/n/10.95'.
(microtype)             Ignoring protrusion settings for this character.
Package microtype Info: Character `Ѫ' is missing
(microtype)             in font `\TU/EBGaramond(0)/m/n/10.95'.
(microtype)             Ignoring protrusion settings for this character.
Package microtype Info: Character `Ҙ' is missing
(microtype)             in font `\TU/EBGaramond(0)/m/n/10.95'.
(microtype)             Ignoring protrusion settings for this character.
Package microtype Info: Character `Ҋ' is missing
(microtype)             in font `\TU/EBGaramond(0)/m/n/10.95'.
(microtype)             Ignoring protrusion settings for this character.
Package microtype Info: Character `Қ' is missing
(microtype)             in font `\TU/EBGaramond(0)/m/n/10.95'.
(microtype)             Ignoring protrusion settings for this character.
Package microtype Info: Character `Ҝ' is missing
(microtype)             in font `\TU/EBGaramond(0)/m/n/10.95'.
(microtype)             Ignoring protrusion settings for this character.
Package microtype Info: Character `Ҟ' is missing
(microtype)             in font `\TU/EBGaramond(0)/m/n/10.95'.
(microtype)             Ignoring protrusion settings for this character.
Package microtype Info: Character `Ҡ' is missing
(microtype)             in font `\TU/EBGaramond(0)/m/n/10.95'.
(microtype)             Ignoring protrusion settings for this character.
Package microtype Info: Character `Ӄ' is missing
(microtype)             in font `\TU/EBGaramond(0)/m/n/10.95'.
(microtype)             Ignoring protrusion settings for this character.
Package microtype Info: Character `Ӆ' is missing
(microtype)             in font `\TU/EBGaramond(0)/m/n/10.95'.
(microtype)             Ignoring protrusion settings for this character.
Package microtype Info: Character `Ԓ' is missing
(microtype)             in font `\TU/EBGaramond(0)/m/n/10.95'.
(microtype)             Ignoring protrusion settings for this character.
Package microtype Info: Character `Ԯ' is missing
(microtype)             in font `\TU/EBGaramond(0)/m/n/10.95'.
(microtype)             Ignoring protrusion settings for this character.
Package microtype Info: Character `Ԥ' is missing
(microtype)             in font `\TU/EBGaramond(0)/m/n/10.95'.
(microtype)             Ignoring protrusion settings for this character.
Package microtype Info: Character `Ҵ' is missing
(microtype)             in font `\TU/EBGaramond(0)/m/n/10.95'.
(microtype)             Ignoring protrusion settings for this character.
Package microtype Info: Character `Ҷ' is missing
(microtype)             in font `\TU/EBGaramond(0)/m/n/10.95'.
(microtype)             Ignoring protrusion settings for this character.
Package microtype Info: Character `Ҹ' is missing
(microtype)             in font `\TU/EBGaramond(0)/m/n/10.95'.
(microtype)             Ignoring protrusion settings for this character.
Package microtype Info: Character `Ӌ' is missing
(microtype)             in font `\TU/EBGaramond(0)/m/n/10.95'.
(microtype)             Ignoring protrusion settings for this character.
Package microtype Info: Character `Ҍ' is missing
(microtype)             in font `\TU/EBGaramond(0)/m/n/10.95'.
(microtype)             Ignoring protrusion settings for this character.
Package microtype Info: Character `Ҽ' is missing
(microtype)             in font `\TU/EBGaramond(0)/m/n/10.95'.
(microtype)             Ignoring protrusion settings for this character.
Package microtype Info: Character `ғ' is missing
(microtype)             in font `\TU/EBGaramond(0)/m/n/10.95'.
(microtype)             Ignoring protrusion settings for this character.
Package microtype Info: Character `ӷ' is missing
(microtype)             in font `\TU/EBGaramond(0)/m/n/10.95'.
(microtype)             Ignoring protrusion settings for this character.
Package microtype Info: Character `җ' is missing
(microtype)             in font `\TU/EBGaramond(0)/m/n/10.95'.
(microtype)             Ignoring protrusion settings for this character.
Package microtype Info: Character `ѫ' is missing
(microtype)             in font `\TU/EBGaramond(0)/m/n/10.95'.
(microtype)             Ignoring protrusion settings for this character.
Package microtype Info: Character `ҙ' is missing
(microtype)             in font `\TU/EBGaramond(0)/m/n/10.95'.
(microtype)             Ignoring protrusion settings for this character.
Package microtype Info: Character `ҋ' is missing
(microtype)             in font `\TU/EBGaramond(0)/m/n/10.95'.
(microtype)             Ignoring protrusion settings for this character.
Package microtype Info: Character `қ' is missing
(microtype)             in font `\TU/EBGaramond(0)/m/n/10.95'.
(microtype)             Ignoring protrusion settings for this character.
Package microtype Info: Character `ҝ' is missing
(microtype)             in font `\TU/EBGaramond(0)/m/n/10.95'.
(microtype)             Ignoring protrusion settings for this character.
Package microtype Info: Character `ӄ' is missing
(microtype)             in font `\TU/EBGaramond(0)/m/n/10.95'.
(microtype)             Ignoring protrusion settings for this character.
Package microtype Info: Character `ӆ' is missing
(microtype)             in font `\TU/EBGaramond(0)/m/n/10.95'.
(microtype)             Ignoring protrusion settings for this character.
Package microtype Info: Character `ԓ' is missing
(microtype)             in font `\TU/EBGaramond(0)/m/n/10.95'.
(microtype)             Ignoring protrusion settings for this character.
Package microtype Info: Character `ԯ' is missing
(microtype)             in font `\TU/EBGaramond(0)/m/n/10.95'.
(microtype)             Ignoring protrusion settings for this character.
Package microtype Info: Character `ӎ' is missing
(microtype)             in font `\TU/EBGaramond(0)/m/n/10.95'.
(microtype)             Ignoring protrusion settings for this character.
Package microtype Info: Character `ң' is missing
(microtype)             in font `\TU/EBGaramond(0)/m/n/10.95'.
(microtype)             Ignoring protrusion settings for this character.
Package microtype Info: Character `ӈ' is missing
(microtype)             in font `\TU/EBGaramond(0)/m/n/10.95'.
(microtype)             Ignoring protrusion settings for this character.
Package microtype Info: Character `ӊ' is missing
(microtype)             in font `\TU/EBGaramond(0)/m/n/10.95'.
(microtype)             Ignoring protrusion settings for this character.
Package microtype Info: Character `ԩ' is missing
(microtype)             in font `\TU/EBGaramond(0)/m/n/10.95'.
(microtype)             Ignoring protrusion settings for this character.
Package microtype Info: Character `ԥ' is missing
(microtype)             in font `\TU/EBGaramond(0)/m/n/10.95'.
(microtype)             Ignoring protrusion settings for this character.
Package microtype Info: Character `ҭ' is missing
(microtype)             in font `\TU/EBGaramond(0)/m/n/10.95'.
(microtype)             Ignoring protrusion settings for this character.
Package microtype Info: Character `ҵ' is missing
(microtype)             in font `\TU/EBGaramond(0)/m/n/10.95'.
(microtype)             Ignoring protrusion settings for this character.
Package microtype Info: Character `ҷ' is missing
(microtype)             in font `\TU/EBGaramond(0)/m/n/10.95'.
(microtype)             Ignoring protrusion settings for this character.
Package microtype Info: Character `ҹ' is missing
(microtype)             in font `\TU/EBGaramond(0)/m/n/10.95'.
(microtype)             Ignoring protrusion settings for this character.
Package microtype Info: Character `ӌ' is missing
(microtype)             in font `\TU/EBGaramond(0)/m/n/10.95'.
(microtype)             Ignoring protrusion settings for this character.
Package microtype Info: Character `ҽ' is missing
(microtype)             in font `\TU/EBGaramond(0)/m/n/10.95'.
(microtype)             Ignoring protrusion settings for this character.
Package microtype Info: Character `🇦' is missing
(microtype)             in font `\TU/EBGaramond(0)/m/n/10.95'.
(microtype)             Ignoring protrusion settings for this character.


Package microtype Warning: Unknown slot number of character
(microtype)                `/one.tosf'
(microtype)                in font encoding `TU' in protrusion list
(microtype)                `EBGaramond-TU'.


Package microtype Warning: Unknown slot number of character
(microtype)                `/two.tosf'
(microtype)                in font encoding `TU' in protrusion list
(microtype)                `EBGaramond-TU'.


Package microtype Warning: Unknown slot number of character
(microtype)                `/three.tosf'
(microtype)                in font encoding `TU' in protrusion list
(microtype)                `EBGaramond-TU'.


Package microtype Warning: Unknown slot number of character
(microtype)                `/four.tosf'
(microtype)                in font encoding `TU' in protrusion list
(microtype)                `EBGaramond-TU'.


Package microtype Warning: Unknown slot number of character
(microtype)                `/five.tosf'
(microtype)                in font encoding `TU' in protrusion list
(microtype)                `EBGaramond-TU'.


Package microtype Warning: Unknown slot number of character
(microtype)                `/six.tosf'
(microtype)                in font encoding `TU' in protrusion list
(microtype)                `EBGaramond-TU'.


Package microtype Warning: Unknown slot number of character
(microtype)                `/seven.tosf'
(microtype)                in font encoding `TU' in protrusion list
(microtype)                `EBGaramond-TU'.


Package microtype Warning: Unknown slot number of character
(microtype)                `/eight.tosf'
(microtype)                in font encoding `TU' in protrusion list
(microtype)                `EBGaramond-TU'.


Package microtype Warning: Unknown slot number of character
(microtype)                `/nine.tosf'
(microtype)                in font encoding `TU' in protrusion list
(microtype)                `EBGaramond-TU'.


Package microtype Warning: Unknown slot number of character
(microtype)                `/one.lf'
(microtype)                in font encoding `TU' in protrusion list
(microtype)                `EBGaramond-TU'.


Package microtype Warning: Unknown slot number of character
(microtype)                `/two.lf'
(microtype)                in font encoding `TU' in protrusion list
(microtype)                `EBGaramond-TU'.


Package microtype Warning: Unknown slot number of character
(microtype)                `/four.lf'
(microtype)                in font encoding `TU' in protrusion list
(microtype)                `EBGaramond-TU'.


Package microtype Warning: Unknown slot number of character
(microtype)                `/seven.lf'
(microtype)                in font encoding `TU' in protrusion list
(microtype)                `EBGaramond-TU'.


Package microtype Warning: Unknown slot number of character
(microtype)                `/one.osf'
(microtype)                in font encoding `TU' in protrusion list
(microtype)                `EBGaramond-TU'.


Package microtype Warning: Unknown slot number of character
(microtype)                `/two.osf'
(microtype)                in font encoding `TU' in protrusion list
(microtype)                `EBGaramond-TU'.


Package microtype Warning: Unknown slot number of character
(microtype)                `/four.osf'
(microtype)                in font encoding `TU' in protrusion list
(microtype)                `EBGaramond-TU'.


Package microtype Warning: Unknown slot number of character
(microtype)                `/seven.osf'
(microtype)                in font encoding `TU' in protrusion list
(microtype)                `EBGaramond-TU'.

Package microtype Info: Character `₡' is missing
(microtype)             in font `\TU/EBGaramond(0)/m/n/10.95'.
(microtype)             Ignoring protrusion settings for this character.
Package hyperref Info: Link coloring OFF on input line 148.
(./novel.out) (./novel.out)
\@outlinefile=\write3
\openout3 = `novel.out'.

LaTeX Info: Redefining \rmfamily on input line 148.
LaTeX Info: Redefining \sffamily on input line 148.
LaTeX Info: Redefining \ttfamily on input line 148.


Package microtype Warning: Unknown slot number of character
(microtype)                `/one.tosf'
(microtype)                in font encoding `TU' in protrusion list
(microtype)                `EBGaramond-TU'.


Package microtype Warning: Unknown slot number of character
(microtype)                `/two.tosf'
(microtype)                in font encoding `TU' in protrusion list
(microtype)                `EBGaramond-TU'.


Package microtype Warning: Unknown slot number of character
(microtype)                `/three.tosf'
(microtype)                in font encoding `TU' in protrusion list
(microtype)                `EBGaramond-TU'.


Package microtype Warning: Unknown slot number of character
(microtype)                `/four.tosf'
(microtype)                in font encoding `TU' in protrusion list
(microtype)                `EBGaramond-TU'.


Package microtype Warning: Unknown slot number of character
(microtype)                `/five.tosf'
(microtype)                in font encoding `TU' in protrusion list
(microtype)                `EBGaramond-TU'.


Package microtype Warning: Unknown slot number of character
(microtype)                `/six.tosf'
(microtype)                in font encoding `TU' in protrusion list
(microtype)                `EBGaramond-TU'.


Package microtype Warning: Unknown slot number of character
(microtype)                `/seven.tosf'
(microtype)                in font encoding `TU' in protrusion list
(microtype)                `EBGaramond-TU'.


Package microtype Warning: Unknown slot number of character
(microtype)                `/eight.tosf'
(microtype)                in font encoding `TU' in protrusion list
(microtype)                `EBGaramond-TU'.


Package microtype Warning: Unknown slot number of character
(microtype)                `/nine.tosf'
(microtype)                in font encoding `TU' in protrusion list
(microtype)                `EBGaramond-TU'.


Package microtype Warning: Unknown slot number of character
(microtype)                `/one.lf'
(microtype)                in font encoding `TU' in protrusion list
(microtype)                `EBGaramond-TU'.


Package microtype Warning: Unknown slot number of character
(microtype)                `/two.lf'
(microtype)                in font encoding `TU' in protrusion list
(microtype)                `EBGaramond-TU'.


Package microtype Warning: Unknown slot number of character
(microtype)                `/four.lf'
(microtype)                in font encoding `TU' in protrusion list
(microtype)                `EBGaramond-TU'.


Package microtype Warning: Unknown slot number of character
(microtype)                `/seven.lf'
(microtype)                in font encoding `TU' in protrusion list
(microtype)                `EBGaramond-TU'.


Package microtype Warning: Unknown slot number of character
(microtype)                `/one.osf'
(microtype)                in font encoding `TU' in protrusion list
(microtype)                `EBGaramond-TU'.


Package microtype Warning: Unknown slot number of character
(microtype)                `/two.osf'
(microtype)                in font encoding `TU' in protrusion list
(microtype)                `EBGaramond-TU'.


Package microtype Warning: Unknown slot number of character
(microtype)                `/four.osf'
(microtype)                in font encoding `TU' in protrusion list
(microtype)                `EBGaramond-TU'.


Package microtype Warning: Unknown slot number of character
(microtype)                `/seven.osf'
(microtype)                in font encoding `TU' in protrusion list
(microtype)                `EBGaramond-TU'.

Package microtype Info: Character `₡' is missing
(microtype)             in font `\TU/EBGaramond(0)/m/n/12'.
(microtype)             Ignoring protrusion settings for this character.

Package microtype Warning: Unknown slot number of character
(microtype)                `/one.tosf'
(microtype)                in font encoding `TU' in protrusion list 
(microtype)                `EBGaramond-TU'.


Package microtype Warning: Unknown slot number of character
(microtype)                `/two.tosf'
(microtype)                in font encoding `TU' in protrusion list 
(microtype)                `EBGaramond-TU'.


Package microtype Warning: Unknown slot number of character
(microtype)                `/three.tosf'
(microtype)                in font encoding `TU' in protrusion list 
(microtype)                `EBGaramond-TU'.


Package microtype Warning: Unknown slot number of character
(microtype)                `/four.tosf'
(microtype)                in font encoding `TU' in protrusion list 
(microtype)                `EBGaramond-TU'.


Package microtype Warning: Unknown slot number of character
(microtype)                `/five.tosf'
(microtype)                in font encoding `TU' in protrusion list 
(microtype)                `EBGaramond-TU'.


Package microtype Warning: Unknown slot number of character
(microtype)                `/six.tosf'
(microtype)                in font encoding `TU' in protrusion list 
(microtype)                `EBGaramond-TU'.


Package microtype Warning: Unknown slot number of character
(microtype)                `/seven.tosf'
(microtype)                in font encoding `TU' in protrusion list 
(microtype)                `EBGaramond-TU'.


Package microtype Warning: Unknown slot number of character
(microtype)                `/eight.tosf'
(microtype)                in font encoding `TU' in protrusion list 
(microtype)                `EBGaramond-TU'.


Package microtype Warning: Unknown slot number of character
(microtype)                `/nine.tosf'
(microtype)                in font encoding `TU' in protrusion list 
(microtype)                `EBGaramond-TU'.


Package microtype Warning: Unknown slot number of character
(microtype)                `/one.lf'
(microtype)                in font encoding `TU' in protrusion list 
(microtype)                `EBGaramond-TU'.


Package microtype Warning: Unknown slot number of character
(microtype)                `/two.lf'
(microtype)                in font encoding `TU' in protrusion list 
(microtype)                `EBGaramond-TU'.


Package microtype Warning: Unknown slot number of character
(microtype)                `/four.lf'
(microtype)                in font encoding `TU' in protrusion list 
(microtype)                `EBGaramond-TU'.


Package microtype Warning: Unknown slot number of character
(microtype)                `/seven.lf'
(microtype)                in font encoding `TU' in protrusion list 
(microtype)                `EBGaramond-TU'.


Package microtype Warning: Unknown slot number of character
(microtype)                `/one.osf'
(microtype)                in font encoding `TU' in protrusion list 
(microtype)                `EBGaramond-TU'.


Package microtype Warning: Unknown slot number of character
(microtype)                `/two.osf'
(microtype)                in font encoding `TU' in protrusion list 
(microtype)                `EBGaramond-TU'.


Package microtype Warning: Unknown slot number of character
(microtype)                `/four.osf'
(microtype)                in font encoding `TU' in protrusion list 
(microtype)                `EBGaramond-TU'.


Package microtype Warning: Unknown slot number of character
(microtype)                `/seven.osf'
(microtype)                in font encoding `TU' in protrusion list 
(microtype)                `EBGaramond-TU'.

Package microtype Info: Character `₡' is missing
(microtype)             in font `\TU/EBGaramond(0)/m/sc/12'.
(microtype)             Ignoring protrusion settings for this character.
[1


] [2

]

Package microtype Warning: Unknown slot number of character
(microtype)                `/one.tosf'
(microtype)                in font encoding `TU' in protrusion list
(microtype)                `EBGaramond-TU'.


Package microtype Warning: Unknown slot number of character
(microtype)                `/two.tosf'
(microtype)                in font encoding `TU' in protrusion list
(microtype)                `EBGaramond-TU'.


Package microtype Warning: Unknown slot number of character
(microtype)                `/three.tosf'
(microtype)                in font encoding `TU' in protrusion list
(microtype)                `EBGaramond-TU'.


Package microtype Warning: Unknown slot number of character
(microtype)                `/four.tosf'
(microtype)                in font encoding `TU' in protrusion list
(microtype)                `EBGaramond-TU'.


Package microtype Warning: Unknown slot number of character
(microtype)                `/five.tosf'
(microtype)                in font encoding `TU' in protrusion list
(microtype)                `EBGaramond-TU'.


Package microtype Warning: Unknown slot number of character
(microtype)                `/six.tosf'
(microtype)                in font encoding `TU' in protrusion list
(microtype)                `EBGaramond-TU'.


Package microtype Warning: Unknown slot number of character
(microtype)                `/seven.tosf'
(microtype)                in font encoding `TU' in protrusion list
(microtype)                `EBGaramond-TU'.


Package microtype Warning: Unknown slot number of character
(microtype)                `/eight.tosf'
(microtype)                in font encoding `TU' in protrusion list
(microtype)                `EBGaramond-TU'.


Package microtype Warning: Unknown slot number of character
(microtype)                `/nine.tosf'
(microtype)                in font encoding `TU' in protrusion list
(microtype)                `EBGaramond-TU'.


Package microtype Warning: Unknown slot number of character
(microtype)                `/one.lf'
(microtype)                in font encoding `TU' in protrusion list
(microtype)                `EBGaramond-TU'.


Package microtype Warning: Unknown slot number of character
(microtype)                `/two.lf'
(microtype)                in font encoding `TU' in protrusion list
(microtype)                `EBGaramond-TU'.


Package microtype Warning: Unknown slot number of character
(microtype)                `/four.lf'
(microtype)                in font encoding `TU' in protrusion list
(microtype)                `EBGaramond-TU'.


Package microtype Warning: Unknown slot number of character
(microtype)                `/seven.lf'
(microtype)                in font encoding `TU' in protrusion list
(microtype)                `EBGaramond-TU'.


Package microtype Warning: Unknown slot number of character
(microtype)                `/one.osf'
(microtype)                in font encoding `TU' in protrusion list
(microtype)                `EBGaramond-TU'.


Package microtype Warning: Unknown slot number of character
(microtype)                `/two.osf'
(microtype)                in font encoding `TU' in protrusion list
(microtype)                `EBGaramond-TU'.


Package microtype Warning: Unknown slot number of character
(microtype)                `/four.osf'
(microtype)                in font encoding `TU' in protrusion list
(microtype)                `EBGaramond-TU'.


Package microtype Warning: Unknown slot number of character
(microtype)                `/seven.osf'
(microtype)                in font encoding `TU' in protrusion list
(microtype)                `EBGaramond-TU'.

Package microtype Info: Character `₡' is missing
(microtype)             in font `\TU/EBGaramond(0)/m/n/24.88'.
(microtype)             Ignoring protrusion settings for this character.

Package microtype Warning: Unknown slot number of character
(microtype)                `/one.tosf'
(microtype)                in font encoding `TU' in protrusion list 
(microtype)                `EBGaramond-TU'.


Package microtype Warning: Unknown slot number of character
(microtype)                `/two.tosf'
(microtype)                in font encoding `TU' in protrusion list 
(microtype)                `EBGaramond-TU'.


Package microtype Warning: Unknown slot number of character
(microtype)                `/three.tosf'
(microtype)                in font encoding `TU' in protrusion list 
(microtype)                `EBGaramond-TU'.


Package microtype Warning: Unknown slot number of character
(microtype)                `/four.tosf'
(microtype)                in font encoding `TU' in protrusion list 
(microtype)                `EBGaramond-TU'.


Package microtype Warning: Unknown slot number of character
(microtype)                `/five.tosf'
(microtype)                in font encoding `TU' in protrusion list 
(microtype)                `EBGaramond-TU'.


Package microtype Warning: Unknown slot number of character
(microtype)                `/six.tosf'
(microtype)                in font encoding `TU' in protrusion list 
(microtype)                `EBGaramond-TU'.


Package microtype Warning: Unknown slot number of character
(microtype)                `/seven.tosf'
(microtype)                in font encoding `TU' in protrusion list 
(microtype)                `EBGaramond-TU'.


Package microtype Warning: Unknown slot number of character
(microtype)                `/eight.tosf'
(microtype)                in font encoding `TU' in protrusion list 
(microtype)                `EBGaramond-TU'.


Package microtype Warning: Unknown slot number of character
(microtype)                `/nine.tosf'
(microtype)                in font encoding `TU' in protrusion list 
(microtype)                `EBGaramond-TU'.


Package microtype Warning: Unknown slot number of character
(microtype)                `/one.lf'
(microtype)                in font encoding `TU' in protrusion list 
(microtype)                `EBGaramond-TU'.


Package microtype Warning: Unknown slot number of character
(microtype)                `/two.lf'
(microtype)                in font encoding `TU' in protrusion list 
(microtype)                `EBGaramond-TU'.


Package microtype Warning: Unknown slot number of character
(microtype)                `/four.lf'
(microtype)                in font encoding `TU' in protrusion list 
(microtype)                `EBGaramond-TU'.


Package microtype Warning: Unknown slot number of character
(microtype)                `/seven.lf'
(microtype)                in font encoding `TU' in protrusion list 
(microtype)                `EBGaramond-TU'.


Package microtype Warning: Unknown slot number of character
(microtype)                `/one.osf'
(microtype)                in font encoding `TU' in protrusion list 
(microtype)                `EBGaramond-TU'.


Package microtype Warning: Unknown slot number of character
(microtype)                `/two.osf'
(microtype)                in font encoding `TU' in protrusion list 
(microtype)                `EBGaramond-TU'.


Package microtype Warning: Unknown slot number of character
(microtype)                `/four.osf'
(microtype)                in font encoding `TU' in protrusion list 
(microtype)                `EBGaramond-TU'.


Package microtype Warning: Unknown slot number of character
(microtype)                `/seven.osf'
(microtype)                in font encoding `TU' in protrusion list 
(microtype)                `EBGaramond-TU'.

Package microtype Info: Character `₡' is missing
(microtype)             in font `\TU/EBGaramond(0)/m/sc/24.88'.
(microtype)             Ignoring protrusion settings for this character.

Package microtype Warning: Unknown slot number of character
(microtype)                `/one.tosf'
(microtype)                in font encoding `TU' in protrusion list
(microtype)                `EBGaramond-TU'.


Package microtype Warning: Unknown slot number of character
(microtype)                `/two.tosf'
(microtype)                in font encoding `TU' in protrusion list
(microtype)                `EBGaramond-TU'.


Package microtype Warning: Unknown slot number of character
(microtype)                `/three.tosf'
(microtype)                in font encoding `TU' in protrusion list
(microtype)                `EBGaramond-TU'.


Package microtype Warning: Unknown slot number of character
(microtype)                `/four.tosf'
(microtype)                in font encoding `TU' in protrusion list
(microtype)                `EBGaramond-TU'.


Package microtype Warning: Unknown slot number of character
(microtype)                `/five.tosf'
(microtype)                in font encoding `TU' in protrusion list
(microtype)                `EBGaramond-TU'.


Package microtype Warning: Unknown slot number of character
(microtype)                `/six.tosf'
(microtype)                in font encoding `TU' in protrusion list
(microtype)                `EBGaramond-TU'.


Package microtype Warning: Unknown slot number of character
(microtype)                `/seven.tosf'
(microtype)                in font encoding `TU' in protrusion list
(microtype)                `EBGaramond-TU'.


Package microtype Warning: Unknown slot number of character
(microtype)                `/eight.tosf'
(microtype)                in font encoding `TU' in protrusion list
(microtype)                `EBGaramond-TU'.


Package microtype Warning: Unknown slot number of character
(microtype)                `/nine.tosf'
(microtype)                in font encoding `TU' in protrusion list
(microtype)                `EBGaramond-TU'.


Package microtype Warning: Unknown slot number of character
(microtype)                `/one.lf'
(microtype)                in font encoding `TU' in protrusion list
(microtype)                `EBGaramond-TU'.


Package microtype Warning: Unknown slot number of character
(microtype)                `/two.lf'
(microtype)                in font encoding `TU' in protrusion list
(microtype)                `EBGaramond-TU'.


Package microtype Warning: Unknown slot number of character
(microtype)                `/four.lf'
(microtype)                in font encoding `TU' in protrusion list
(microtype)                `EBGaramond-TU'.


Package microtype Warning: Unknown slot number of character
(microtype)                `/seven.lf'
(microtype)                in font encoding `TU' in protrusion list
(microtype)                `EBGaramond-TU'.


Package microtype Warning: Unknown slot number of character
(microtype)                `/one.osf'
(microtype)                in font encoding `TU' in protrusion list
(microtype)                `EBGaramond-TU'.


Package microtype Warning: Unknown slot number of character
(microtype)                `/two.osf'
(microtype)                in font encoding `TU' in protrusion list
(microtype)                `EBGaramond-TU'.


Package microtype Warning: Unknown slot number of character
(microtype)                `/four.osf'
(microtype)                in font encoding `TU' in protrusion list
(microtype)                `EBGaramond-TU'.


Package microtype Warning: Unknown slot number of character
(microtype)                `/seven.osf'
(microtype)                in font encoding `TU' in protrusion list
(microtype)                `EBGaramond-TU'.

Package microtype Info: Character `₡' is missing
(microtype)             in font `\TU/EBGaramond(0)/m/n/10'.
(microtype)             Ignoring protrusion settings for this character.

Package microtype Warning: Unknown slot number of character
(microtype)                `/one.tosf'
(microtype)                in font encoding `TU' in protrusion list 
(microtype)                `EBGaramond-TU'.


Package microtype Warning: Unknown slot number of character
(microtype)                `/two.tosf'
(microtype)                in font encoding `TU' in protrusion list 
(microtype)                `EBGaramond-TU'.


Package microtype Warning: Unknown slot number of character
(microtype)                `/three.tosf'
(microtype)                in font encoding `TU' in protrusion list 
(microtype)                `EBGaramond-TU'.


Package microtype Warning: Unknown slot number of character
(microtype)                `/four.tosf'
(microtype)                in font encoding `TU' in protrusion list 
(microtype)                `EBGaramond-TU'.


Package microtype Warning: Unknown slot number of character
(microtype)                `/five.tosf'
(microtype)                in font encoding `TU' in protrusion list 
(microtype)                `EBGaramond-TU'.


Package microtype Warning: Unknown slot number of character
(microtype)                `/six.tosf'
(microtype)                in font encoding `TU' in protrusion list 
(microtype)                `EBGaramond-TU'.


Package microtype Warning: Unknown slot number of character
(microtype)                `/seven.tosf'
(microtype)                in font encoding `TU' in protrusion list 
(microtype)                `EBGaramond-TU'.


Package microtype Warning: Unknown slot number of character
(microtype)                `/eight.tosf'
(microtype)                in font encoding `TU' in protrusion list 
(microtype)                `EBGaramond-TU'.


Package microtype Warning: Unknown slot number of character
(microtype)                `/nine.tosf'
(microtype)                in font encoding `TU' in protrusion list 
(microtype)                `EBGaramond-TU'.


Package microtype Warning: Unknown slot number of character
(microtype)                `/one.lf'
(microtype)                in font encoding `TU' in protrusion list 
(microtype)                `EBGaramond-TU'.


Package microtype Warning: Unknown slot number of character
(microtype)                `/two.lf'
(microtype)                in font encoding `TU' in protrusion list 
(microtype)                `EBGaramond-TU'.


Package microtype Warning: Unknown slot number of character
(microtype)                `/four.lf'
(microtype)                in font encoding `TU' in protrusion list 
(microtype)                `EBGaramond-TU'.


Package microtype Warning: Unknown slot number of character
(microtype)                `/seven.lf'
(microtype)                in font encoding `TU' in protrusion list 
(microtype)                `EBGaramond-TU'.


Package microtype Warning: Unknown slot number of character
(microtype)                `/one.osf'
(microtype)                in font encoding `TU' in protrusion list 
(microtype)                `EBGaramond-TU'.


Package microtype Warning: Unknown slot number of character
(microtype)                `/two.osf'
(microtype)                in font encoding `TU' in protrusion list 
(microtype)                `EBGaramond-TU'.


Package microtype Warning: Unknown slot number of character
(microtype)                `/four.osf'
(microtype)                in font encoding `TU' in protrusion list 
(microtype)                `EBGaramond-TU'.


Package microtype Warning: Unknown slot number of character
(microtype)                `/seven.osf'
(microtype)                in font encoding `TU' in protrusion list 
(microtype)                `EBGaramond-TU'.

Package microtype Info: Character `₡' is missing
(microtype)             in font `\TU/EBGaramond(0)/m/sc/10'.
(microtype)             Ignoring protrusion settings for this character.

Package microtype Warning: Unknown slot number of character
(microtype)                `/one.tosf'
(microtype)                in font encoding `TU' in protrusion list
(microtype)                `EBGaramond-TU'.


Package microtype Warning: Unknown slot number of character
(microtype)                `/two.tosf'
(microtype)                in font encoding `TU' in protrusion list
(microtype)                `EBGaramond-TU'.


Package microtype Warning: Unknown slot number of character
(microtype)                `/three.tosf'
(microtype)                in font encoding `TU' in protrusion list
(microtype)                `EBGaramond-TU'.


Package microtype Warning: Unknown slot number of character
(microtype)                `/four.tosf'
(microtype)                in font encoding `TU' in protrusion list
(microtype)                `EBGaramond-TU'.


Package microtype Warning: Unknown slot number of character
(microtype)                `/five.tosf'
(microtype)                in font encoding `TU' in protrusion list
(microtype)                `EBGaramond-TU'.


Package microtype Warning: Unknown slot number of character
(microtype)                `/six.tosf'
(microtype)                in font encoding `TU' in protrusion list
(microtype)                `EBGaramond-TU'.


Package microtype Warning: Unknown slot number of character
(microtype)                `/seven.tosf'
(microtype)                in font encoding `TU' in protrusion list
(microtype)                `EBGaramond-TU'.


Package microtype Warning: Unknown slot number of character
(microtype)                `/eight.tosf'
(microtype)                in font encoding `TU' in protrusion list
(microtype)                `EBGaramond-TU'.


Package microtype Warning: Unknown slot number of character
(microtype)                `/nine.tosf'
(microtype)                in font encoding `TU' in protrusion list
(microtype)                `EBGaramond-TU'.


Package microtype Warning: Unknown slot number of character
(microtype)                `/one.lf'
(microtype)                in font encoding `TU' in protrusion list
(microtype)                `EBGaramond-TU'.


Package microtype Warning: Unknown slot number of character
(microtype)                `/two.lf'
(microtype)                in font encoding `TU' in protrusion list
(microtype)                `EBGaramond-TU'.


Package microtype Warning: Unknown slot number of character
(microtype)                `/four.lf'
(microtype)                in font encoding `TU' in protrusion list
(microtype)                `EBGaramond-TU'.


Package microtype Warning: Unknown slot number of character
(microtype)                `/seven.lf'
(microtype)                in font encoding `TU' in protrusion list
(microtype)                `EBGaramond-TU'.


Package microtype Warning: Unknown slot number of character
(microtype)                `/one.osf'
(microtype)                in font encoding `TU' in protrusion list
(microtype)                `EBGaramond-TU'.


Package microtype Warning: Unknown slot number of character
(microtype)                `/two.osf'
(microtype)                in font encoding `TU' in protrusion list
(microtype)                `EBGaramond-TU'.


Package microtype Warning: Unknown slot number of character
(microtype)                `/four.osf'
(microtype)                in font encoding `TU' in protrusion list
(microtype)                `EBGaramond-TU'.


Package microtype Warning: Unknown slot number of character
(microtype)                `/seven.osf'
(microtype)                in font encoding `TU' in protrusion list
(microtype)                `EBGaramond-TU'.

Package microtype Info: Character `Ⅳ' is missing
(microtype)             in font `\TU/EBGaramond(0)/m/n/7'.
(microtype)             Ignoring protrusion settings for this character.
Package microtype Info: Character `Ⅵ' is missing
(microtype)             in font `\TU/EBGaramond(0)/m/n/7'.
(microtype)             Ignoring protrusion settings for this character.
Package microtype Info: Character `Ⅶ' is missing
(microtype)             in font `\TU/EBGaramond(0)/m/n/7'.
(microtype)             Ignoring protrusion settings for this character.
Package microtype Info: Character `Ⅷ' is missing
(microtype)             in font `\TU/EBGaramond(0)/m/n/7'.
(microtype)             Ignoring protrusion settings for this character.
Package microtype Info: Character `Ⅸ' is missing
(microtype)             in font `\TU/EBGaramond(0)/m/n/7'.
(microtype)             Ignoring protrusion settings for this character.
Package microtype Info: Character `Ⅺ' is missing
(microtype)             in font `\TU/EBGaramond(0)/m/n/7'.
(microtype)             Ignoring protrusion settings for this character.
Package microtype Info: Character `Ⅻ' is missing
(microtype)             in font `\TU/EBGaramond(0)/m/n/7'.
(microtype)             Ignoring protrusion settings for this character.
Package microtype Info: Character `ⅳ' is missing
(microtype)             in font `\TU/EBGaramond(0)/m/n/7'.
(microtype)             Ignoring protrusion settings for this character.
Package microtype Info: Character `ⅵ' is missing
(microtype)             in font `\TU/EBGaramond(0)/m/n/7'.
(microtype)             Ignoring protrusion settings for this character.
Package microtype Info: Character `ⅶ' is missing
(microtype)             in font `\TU/EBGaramond(0)/m/n/7'.
(microtype)             Ignoring protrusion settings for this character.
Package microtype Info: Character `ⅷ' is missing
(microtype)             in font `\TU/EBGaramond(0)/m/n/7'.
(microtype)             Ignoring protrusion settings for this character.
Package microtype Info: Character `ⅸ' is missing
(microtype)             in font `\TU/EBGaramond(0)/m/n/7'.
(microtype)             Ignoring protrusion settings for this character.
Package microtype Info: Character `ⅺ' is missing
(microtype)             in font `\TU/EBGaramond(0)/m/n/7'.
(microtype)             Ignoring protrusion settings for this character.
Package microtype Info: Character `ⅻ' is missing
(microtype)             in font `\TU/EBGaramond(0)/m/n/7'.
(microtype)             Ignoring protrusion settings for this character.
Package microtype Info: Character `˷' is missing
(microtype)             in font `\TU/EBGaramond(0)/m/n/7'.
(microtype)             Ignoring protrusion settings for this character.
Package microtype Info: Character `ƒ' is missing
(microtype)             in font `\TU/EBGaramond(0)/m/n/7'.
(microtype)             Ignoring protrusion settings for this character.
Package microtype Info: Character `₡' is missing
(microtype)             in font `\TU/EBGaramond(0)/m/n/7'.
(microtype)             Ignoring protrusion settings for this character.
Package microtype Info: Character `•' is missing
(microtype)             in font `\TU/EBGaramond(0)/m/n/7'.
(microtype)             Ignoring protrusion settings for this character.

Package microtype Warning: Unknown slot number of character
(microtype)                `/twodotenleader'
(microtype)                in font encoding `TU' in protrusion list
(microtype)                `EBGaramond-TU'.

Package microtype Info: Character `℃' is missing
(microtype)             in font `\TU/EBGaramond(0)/m/n/7'.
(microtype)             Ignoring protrusion settings for this character.
Package microtype Info: Character `™' is missing
(microtype)             in font `\TU/EBGaramond(0)/m/n/7'.
(microtype)             Ignoring protrusion settings for this character.
Package microtype Info: Character `−' is missing
(microtype)             in font `\TU/EBGaramond(0)/m/n/7'.
(microtype)             Ignoring protrusion settings for this character.
Package microtype Info: Character `ϙ' is missing
(microtype)             in font `\TU/EBGaramond(0)/m/n/7'.
(microtype)             Ignoring protrusion settings for this character.
Package microtype Info: Character `Ѱ' is missing
(microtype)             in font `\TU/EBGaramond(0)/m/n/7'.
(microtype)             Ignoring protrusion settings for this character.
Package microtype Info: Character `Ѵ' is missing
(microtype)             in font `\TU/EBGaramond(0)/m/n/7'.
(microtype)             Ignoring protrusion settings for this character.
Package microtype Info: Character `Ʌ' is missing
(microtype)             in font `\TU/EBGaramond(0)/m/n/7'.
(microtype)             Ignoring protrusion settings for this character.
Package microtype Info: Character `⑴' is missing
(microtype)             in font `\TU/EBGaramond(0)/m/n/7'.
(microtype)             Ignoring protrusion settings for this character.
Package microtype Info: Character `⒜' is missing
(microtype)             in font `\TU/EBGaramond(0)/m/n/7'.
(microtype)             Ignoring protrusion settings for this character.

Package microtype Warning: Unknown slot number of character
(microtype)                `/one.tosf'
(microtype)                in font encoding `TU' in protrusion list
(microtype)                `EBGaramond-TU'.


Package microtype Warning: Unknown slot number of character
(microtype)                `/two.tosf'
(microtype)                in font encoding `TU' in protrusion list
(microtype)                `EBGaramond-TU'.


Package microtype Warning: Unknown slot number of character
(microtype)                `/three.tosf'
(microtype)                in font encoding `TU' in protrusion list
(microtype)                `EBGaramond-TU'.


Package microtype Warning: Unknown slot number of character
(microtype)                `/four.tosf'
(microtype)                in font encoding `TU' in protrusion list
(microtype)                `EBGaramond-TU'.


Package microtype Warning: Unknown slot number of character
(microtype)                `/five.tosf'
(microtype)                in font encoding `TU' in protrusion list
(microtype)                `EBGaramond-TU'.


Package microtype Warning: Unknown slot number of character
(microtype)                `/six.tosf'
(microtype)                in font encoding `TU' in protrusion list
(microtype)                `EBGaramond-TU'.


Package microtype Warning: Unknown slot number of character
(microtype)                `/seven.tosf'
(microtype)                in font encoding `TU' in protrusion list
(microtype)                `EBGaramond-TU'.


Package microtype Warning: Unknown slot number of character
(microtype)                `/eight.tosf'
(microtype)                in font encoding `TU' in protrusion list
(microtype)                `EBGaramond-TU'.


Package microtype Warning: Unknown slot number of character
(microtype)                `/nine.tosf'
(microtype)                in font encoding `TU' in protrusion list
(microtype)                `EBGaramond-TU'.


Package microtype Warning: Unknown slot number of character
(microtype)                `/one.lf'
(microtype)                in font encoding `TU' in protrusion list
(microtype)                `EBGaramond-TU'.


Package microtype Warning: Unknown slot number of character
(microtype)                `/two.lf'
(microtype)                in font encoding `TU' in protrusion list
(microtype)                `EBGaramond-TU'.


Package microtype Warning: Unknown slot number of character
(microtype)                `/four.lf'
(microtype)                in font encoding `TU' in protrusion list
(microtype)                `EBGaramond-TU'.


Package microtype Warning: Unknown slot number of character
(microtype)                `/seven.lf'
(microtype)                in font encoding `TU' in protrusion list
(microtype)                `EBGaramond-TU'.


Package microtype Warning: Unknown slot number of character
(microtype)                `/one.osf'
(microtype)                in font encoding `TU' in protrusion list
(microtype)                `EBGaramond-TU'.


Package microtype Warning: Unknown slot number of character
(microtype)                `/two.osf'
(microtype)                in font encoding `TU' in protrusion list
(microtype)                `EBGaramond-TU'.


Package microtype Warning: Unknown slot number of character
(microtype)                `/four.osf'
(microtype)                in font encoding `TU' in protrusion list
(microtype)                `EBGaramond-TU'.


Package microtype Warning: Unknown slot number of character
(microtype)                `/seven.osf'
(microtype)                in font encoding `TU' in protrusion list
(microtype)                `EBGaramond-TU'.

Package microtype Info: Character `Ⅳ' is missing
(microtype)             in font `\TU/EBGaramond(0)/m/n/5'.
(microtype)             Ignoring protrusion settings for this character.
Package microtype Info: Character `Ⅵ' is missing
(microtype)             in font `\TU/EBGaramond(0)/m/n/5'.
(microtype)             Ignoring protrusion settings for this character.
Package microtype Info: Character `Ⅶ' is missing
(microtype)             in font `\TU/EBGaramond(0)/m/n/5'.
(microtype)             Ignoring protrusion settings for this character.
Package microtype Info: Character `Ⅷ' is missing
(microtype)             in font `\TU/EBGaramond(0)/m/n/5'.
(microtype)             Ignoring protrusion settings for this character.
Package microtype Info: Character `Ⅸ' is missing
(microtype)             in font `\TU/EBGaramond(0)/m/n/5'.
(microtype)             Ignoring protrusion settings for this character.
Package microtype Info: Character `Ⅺ' is missing
(microtype)             in font `\TU/EBGaramond(0)/m/n/5'.
(microtype)             Ignoring protrusion settings for this character.
Package microtype Info: Character `Ⅻ' is missing
(microtype)             in font `\TU/EBGaramond(0)/m/n/5'.
(microtype)             Ignoring protrusion settings for this character.
Package microtype Info: Character `ⅳ' is missing
(microtype)             in font `\TU/EBGaramond(0)/m/n/5'.
(microtype)             Ignoring protrusion settings for this character.
Package microtype Info: Character `ⅵ' is missing
(microtype)             in font `\TU/EBGaramond(0)/m/n/5'.
(microtype)             Ignoring protrusion settings for this character.
Package microtype Info: Character `ⅶ' is missing
(microtype)             in font `\TU/EBGaramond(0)/m/n/5'.
(microtype)             Ignoring protrusion settings for this character.
Package microtype Info: Character `ⅷ' is missing
(microtype)             in font `\TU/EBGaramond(0)/m/n/5'.
(microtype)             Ignoring protrusion settings for this character.
Package microtype Info: Character `ⅸ' is missing
(microtype)             in font `\TU/EBGaramond(0)/m/n/5'.
(microtype)             Ignoring protrusion settings for this character.
Package microtype Info: Character `ⅺ' is missing
(microtype)             in font `\TU/EBGaramond(0)/m/n/5'.
(microtype)             Ignoring protrusion settings for this character.
Package microtype Info: Character `ⅻ' is missing
(microtype)             in font `\TU/EBGaramond(0)/m/n/5'.
(microtype)             Ignoring protrusion settings for this character.
Package microtype Info: Character `˷' is missing
(microtype)             in font `\TU/EBGaramond(0)/m/n/5'.
(microtype)             Ignoring protrusion settings for this character.
Package microtype Info: Character `ƒ' is missing
(microtype)             in font `\TU/EBGaramond(0)/m/n/5'.
(microtype)             Ignoring protrusion settings for this character.
Package microtype Info: Character `₡' is missing
(microtype)             in font `\TU/EBGaramond(0)/m/n/5'.
(microtype)             Ignoring protrusion settings for this character.
Package microtype Info: Character `•' is missing
(microtype)             in font `\TU/EBGaramond(0)/m/n/5'.
(microtype)             Ignoring protrusion settings for this character.

Package microtype Warning: Unknown slot number of character
(microtype)                `/twodotenleader'
(microtype)                in font encoding `TU' in protrusion list
(microtype)                `EBGaramond-TU'.

Package microtype Info: Character `℃' is missing
(microtype)             in font `\TU/EBGaramond(0)/m/n/5'.
(microtype)             Ignoring protrusion settings for this character.
Package microtype Info: Character `™' is missing
(microtype)             in font `\TU/EBGaramond(0)/m/n/5'.
(microtype)             Ignoring protrusion settings for this character.
Package microtype Info: Character `−' is missing
(microtype)             in font `\TU/EBGaramond(0)/m/n/5'.
(microtype)             Ignoring protrusion settings for this character.
Package microtype Info: Character `ϙ' is missing
(microtype)             in font `\TU/EBGaramond(0)/m/n/5'.
(microtype)             Ignoring protrusion settings for this character.
Package microtype Info: Character `Ѱ' is missing
(microtype)             in font `\TU/EBGaramond(0)/m/n/5'.
(microtype)             Ignoring protrusion settings for this character.
Package microtype Info: Character `Ѵ' is missing
(microtype)             in font `\TU/EBGaramond(0)/m/n/5'.
(microtype)             Ignoring protrusion settings for this character.
Package microtype Info: Character `Ʌ' is missing
(microtype)             in font `\TU/EBGaramond(0)/m/n/5'.
(microtype)             Ignoring protrusion settings for this character.
Package microtype Info: Character `⑴' is missing
(microtype)             in font `\TU/EBGaramond(0)/m/n/5'.
(microtype)             Ignoring protrusion settings for this character.
Package microtype Info: Character `⒜' is missing
(microtype)             in font `\TU/EBGaramond(0)/m/n/5'.
(microtype)             Ignoring protrusion settings for this character.
LaTeX Font Info:    External font `cmex10' loaded for size
(Font)              <7> on input line 170.
LaTeX Font Info:    External font `cmex10' loaded for size
(Font)              <5> on input line 170.
(/usr/share/texlive/texmf-dist/tex/latex/microtype/mt-cmr.cfg
File: mt-cmr.cfg 2013/05/19 v2.2 microtype config. file: Computer Modern Roman 
(RS)
)
Package microtype Info: Character `156' is missing
(microtype)             in font `\TU/EBGaramond(0)/m/it/12'.
(microtype)             Ignoring protrusion settings for this character.


Package microtype Warning: Unknown slot number of character
(microtype)                `/zero.tosf'
(microtype)                in font encoding `TU' in protrusion list
(microtype)                `EBGaramond-it-TU'.


Package microtype Warning: Unknown slot number of character
(microtype)                `/one.tosf'
(microtype)                in font encoding `TU' in protrusion list
(microtype)                `EBGaramond-it-TU'.


Package microtype Warning: Unknown slot number of character
(microtype)                `/two.tosf'
(microtype)                in font encoding `TU' in protrusion list
(microtype)                `EBGaramond-it-TU'.


Package microtype Warning: Unknown slot number of character
(microtype)                `/three.tosf'
(microtype)                in font encoding `TU' in protrusion list
(microtype)                `EBGaramond-it-TU'.


Package microtype Warning: Unknown slot number of character
(microtype)                `/four.tosf'
(microtype)                in font encoding `TU' in protrusion list
(microtype)                `EBGaramond-it-TU'.


Package microtype Warning: Unknown slot number of character
(microtype)                `/five.tosf'
(microtype)                in font encoding `TU' in protrusion list
(microtype)                `EBGaramond-it-TU'.


Package microtype Warning: Unknown slot number of character
(microtype)                `/six.tosf'
(microtype)                in font encoding `TU' in protrusion list
(microtype)                `EBGaramond-it-TU'.


Package microtype Warning: Unknown slot number of character
(microtype)                `/seven.tosf'
(microtype)                in font encoding `TU' in protrusion list
(microtype)                `EBGaramond-it-TU'.


Package microtype Warning: Unknown slot number of character
(microtype)                `/eight.tosf'
(microtype)                in font encoding `TU' in protrusion list
(microtype)                `EBGaramond-it-TU'.


Package microtype Warning: Unknown slot number of character
(microtype)                `/nine.tosf'
(microtype)                in font encoding `TU' in protrusion list
(microtype)                `EBGaramond-it-TU'.


Package microtype Warning: Unknown slot number of character
(microtype)                `/one.lf'
(microtype)                in font encoding `TU' in protrusion list
(microtype)                `EBGaramond-it-TU'.


Package microtype Warning: Unknown slot number of character
(microtype)                `/two.lf'
(microtype)                in font encoding `TU' in protrusion list
(microtype)                `EBGaramond-it-TU'.


Package microtype Warning: Unknown slot number of character
(microtype)                `/three.lf'
(microtype)                in font encoding `TU' in protrusion list
(microtype)                `EBGaramond-it-TU'.


Package microtype Warning: Unknown slot number of character
(microtype)                `/four.lf'
(microtype)                in font encoding `TU' in protrusion list
(microtype)                `EBGaramond-it-TU'.


Package microtype Warning: Unknown slot number of character
(microtype)                `/five.lf'
(microtype)                in font encoding `TU' in protrusion list
(microtype)                `EBGaramond-it-TU'.


Package microtype Warning: Unknown slot number of character
(microtype)                `/six.lf'
(microtype)                in font encoding `TU' in protrusion list
(microtype)                `EBGaramond-it-TU'.


Package microtype Warning: Unknown slot number of character
(microtype)                `/seven.lf'
(microtype)                in font encoding `TU' in protrusion list
(microtype)                `EBGaramond-it-TU'.


Package microtype Warning: Unknown slot number of character
(microtype)                `/eight.lf'
(microtype)                in font encoding `TU' in protrusion list
(microtype)                `EBGaramond-it-TU'.


Package microtype Warning: Unknown slot number of character
(microtype)                `/nine.lf'
(microtype)                in font encoding `TU' in protrusion list
(microtype)                `EBGaramond-it-TU'.


Package microtype Warning: Unknown slot number of character
(microtype)                `/one.osf'
(microtype)                in font encoding `TU' in protrusion list
(microtype)                `EBGaramond-it-TU'.


Package microtype Warning: Unknown slot number of character
(microtype)                `/two.osf'
(microtype)                in font encoding `TU' in protrusion list
(microtype)                `EBGaramond-it-TU'.


Package microtype Warning: Unknown slot number of character
(microtype)                `/three.osf'
(microtype)                in font encoding `TU' in protrusion list
(microtype)                `EBGaramond-it-TU'.


Package microtype Warning: Unknown slot number of character
(microtype)                `/four.osf'
(microtype)                in font encoding `TU' in protrusion list
(microtype)                `EBGaramond-it-TU'.


Package microtype Warning: Unknown slot number of character
(microtype)                `/seven.osf'
(microtype)                in font encoding `TU' in protrusion list
(microtype)                `EBGaramond-it-TU'.

Package microtype Info: Character `℃' is missing
(microtype)             in font `\TU/EBGaramond(0)/m/it/12'.
(microtype)             Ignoring protrusion settings for this character.
Package microtype Info: Character `ƒ' is missing
(microtype)             in font `\TU/EBGaramond(0)/m/it/12'.
(microtype)             Ignoring protrusion settings for this character.
Package microtype Info: Character `₡' is missing
(microtype)             in font `\TU/EBGaramond(0)/m/it/12'.
(microtype)             Ignoring protrusion settings for this character.

Package microtype Warning: Unknown slot number of character
(microtype)                `/one.tosf'
(microtype)                in font encoding `TU' in protrusion list
(microtype)                `EBGaramond-TU'.


Package microtype Warning: Unknown slot number of character
(microtype)                `/two.tosf'
(microtype)                in font encoding `TU' in protrusion list
(microtype)                `EBGaramond-TU'.


Package microtype Warning: Unknown slot number of character
(microtype)                `/three.tosf'
(microtype)                in font encoding `TU' in protrusion list
(microtype)                `EBGaramond-TU'.


Package microtype Warning: Unknown slot number of character
(microtype)                `/four.tosf'
(microtype)                in font encoding `TU' in protrusion list
(microtype)                `EBGaramond-TU'.


Package microtype Warning: Unknown slot number of character
(microtype)                `/five.tosf'
(microtype)                in font encoding `TU' in protrusion list
(microtype)                `EBGaramond-TU'.


Package microtype Warning: Unknown slot number of character
(microtype)                `/six.tosf'
(microtype)                in font encoding `TU' in protrusion list
(microtype)                `EBGaramond-TU'.


Package microtype Warning: Unknown slot number of character
(microtype)                `/seven.tosf'
(microtype)                in font encoding `TU' in protrusion list
(microtype)                `EBGaramond-TU'.


Package microtype Warning: Unknown slot number of character
(microtype)                `/eight.tosf'
(microtype)                in font encoding `TU' in protrusion list
(microtype)                `EBGaramond-TU'.


Package microtype Warning: Unknown slot number of character
(microtype)                `/nine.tosf'
(microtype)                in font encoding `TU' in protrusion list
(microtype)                `EBGaramond-TU'.


Package microtype Warning: Unknown slot number of character
(microtype)                `/one.lf'
(microtype)                in font encoding `TU' in protrusion list
(microtype)                `EBGaramond-TU'.


Package microtype Warning: Unknown slot number of character
(microtype)                `/two.lf'
(microtype)                in font encoding `TU' in protrusion list
(microtype)                `EBGaramond-TU'.


Package microtype Warning: Unknown slot number of character
(microtype)                `/four.lf'
(microtype)                in font encoding `TU' in protrusion list
(microtype)                `EBGaramond-TU'.


Package microtype Warning: Unknown slot number of character
(microtype)                `/seven.lf'
(microtype)                in font encoding `TU' in protrusion list
(microtype)                `EBGaramond-TU'.


Package microtype Warning: Unknown slot number of character
(microtype)                `/one.osf'
(microtype)                in font encoding `TU' in protrusion list
(microtype)                `EBGaramond-TU'.


Package microtype Warning: Unknown slot number of character
(microtype)                `/two.osf'
(microtype)                in font encoding `TU' in protrusion list
(microtype)                `EBGaramond-TU'.


Package microtype Warning: Unknown slot number of character
(microtype)                `/four.osf'
(microtype)                in font encoding `TU' in protrusion list
(microtype)                `EBGaramond-TU'.


Package microtype Warning: Unknown slot number of character
(microtype)                `/seven.osf'
(microtype)                in font encoding `TU' in protrusion list
(microtype)                `EBGaramond-TU'.

Package microtype Info: Character `₡' is missing
(microtype)             in font `\TU/EBGaramond(0)/m/n/14.4'.
(microtype)             Ignoring protrusion settings for this character.

Package microtype Warning: Unknown slot number of character
(microtype)                `/one.tosf'
(microtype)                in font encoding `TU' in protrusion list 
(microtype)                `EBGaramond-TU'.


Package microtype Warning: Unknown slot number of character
(microtype)                `/two.tosf'
(microtype)                in font encoding `TU' in protrusion list 
(microtype)                `EBGaramond-TU'.


Package microtype Warning: Unknown slot number of character
(microtype)                `/three.tosf'
(microtype)                in font encoding `TU' in protrusion list 
(microtype)                `EBGaramond-TU'.


Package microtype Warning: Unknown slot number of character
(microtype)                `/four.tosf'
(microtype)                in font encoding `TU' in protrusion list 
(microtype)                `EBGaramond-TU'.


Package microtype Warning: Unknown slot number of character
(microtype)                `/five.tosf'
(microtype)                in font encoding `TU' in protrusion list 
(microtype)                `EBGaramond-TU'.


Package microtype Warning: Unknown slot number of character
(microtype)                `/six.tosf'
(microtype)                in font encoding `TU' in protrusion list 
(microtype)                `EBGaramond-TU'.


Package microtype Warning: Unknown slot number of character
(microtype)                `/seven.tosf'
(microtype)                in font encoding `TU' in protrusion list 
(microtype)                `EBGaramond-TU'.


Package microtype Warning: Unknown slot number of character
(microtype)                `/eight.tosf'
(microtype)                in font encoding `TU' in protrusion list 
(microtype)                `EBGaramond-TU'.


Package microtype Warning: Unknown slot number of character
(microtype)                `/nine.tosf'
(microtype)                in font encoding `TU' in protrusion list 
(microtype)                `EBGaramond-TU'.


Package microtype Warning: Unknown slot number of character
(microtype)                `/one.lf'
(microtype)                in font encoding `TU' in protrusion list 
(microtype)                `EBGaramond-TU'.


Package microtype Warning: Unknown slot number of character
(microtype)                `/two.lf'
(microtype)                in font encoding `TU' in protrusion list 
(microtype)                `EBGaramond-TU'.


Package microtype Warning: Unknown slot number of character
(microtype)                `/four.lf'
(microtype)                in font encoding `TU' in protrusion list 
(microtype)                `EBGaramond-TU'.


Package microtype Warning: Unknown slot number of character
(microtype)                `/seven.lf'
(microtype)                in font encoding `TU' in protrusion list 
(microtype)                `EBGaramond-TU'.


Package microtype Warning: Unknown slot number of character
(microtype)                `/one.osf'
(microtype)                in font encoding `TU' in protrusion list 
(microtype)                `EBGaramond-TU'.


Package microtype Warning: Unknown slot number of character
(microtype)                `/two.osf'
(microtype)                in font encoding `TU' in protrusion list 
(microtype)                `EBGaramond-TU'.


Package microtype Warning: Unknown slot number of character
(microtype)                `/four.osf'
(microtype)                in font encoding `TU' in protrusion list 
(microtype)                `EBGaramond-TU'.


Package microtype Warning: Unknown slot number of character
(microtype)                `/seven.osf'
(microtype)                in font encoding `TU' in protrusion list 
(microtype)                `EBGaramond-TU'.

Package microtype Info: Character `₡' is missing
(microtype)             in font `\TU/EBGaramond(0)/m/sc/14.4'.
(microtype)             Ignoring protrusion settings for this character.

Underfull \vbox (badness 10000) has occurred while \output is active []

 [3

]
[4

]
Package microtype Info: Character `156' is missing
(microtype)             in font `\TU/EBGaramond(0)/m/it/10.95'.
(microtype)             Ignoring protrusion settings for this character.


Package microtype Warning: Unknown slot number of character
(microtype)                `/zero.tosf'
(microtype)                in font encoding `TU' in protrusion list
(microtype)                `EBGaramond-it-TU'.


Package microtype Warning: Unknown slot number of character
(microtype)                `/one.tosf'
(microtype)                in font encoding `TU' in protrusion list
(microtype)                `EBGaramond-it-TU'.


Package microtype Warning: Unknown slot number of character
(microtype)                `/two.tosf'
(microtype)                in font encoding `TU' in protrusion list
(microtype)                `EBGaramond-it-TU'.


Package microtype Warning: Unknown slot number of character
(microtype)                `/three.tosf'
(microtype)                in font encoding `TU' in protrusion list
(microtype)                `EBGaramond-it-TU'.


Package microtype Warning: Unknown slot number of character
(microtype)                `/four.tosf'
(microtype)                in font encoding `TU' in protrusion list
(microtype)                `EBGaramond-it-TU'.


Package microtype Warning: Unknown slot number of character
(microtype)                `/five.tosf'
(microtype)                in font encoding `TU' in protrusion list
(microtype)                `EBGaramond-it-TU'.


Package microtype Warning: Unknown slot number of character
(microtype)                `/six.tosf'
(microtype)                in font encoding `TU' in protrusion list
(microtype)                `EBGaramond-it-TU'.


Package microtype Warning: Unknown slot number of character
(microtype)                `/seven.tosf'
(microtype)                in font encoding `TU' in protrusion list
(microtype)                `EBGaramond-it-TU'.


Package microtype Warning: Unknown slot number of character
(microtype)                `/eight.tosf'
(microtype)                in font encoding `TU' in protrusion list
(microtype)                `EBGaramond-it-TU'.


Package microtype Warning: Unknown slot number of character
(microtype)                `/nine.tosf'
(microtype)                in font encoding `TU' in protrusion list
(microtype)                `EBGaramond-it-TU'.


Package microtype Warning: Unknown slot number of character
(microtype)                `/one.lf'
(microtype)                in font encoding `TU' in protrusion list
(microtype)                `EBGaramond-it-TU'.


Package microtype Warning: Unknown slot number of character
(microtype)                `/two.lf'
(microtype)                in font encoding `TU' in protrusion list
(microtype)                `EBGaramond-it-TU'.


Package microtype Warning: Unknown slot number of character
(microtype)                `/three.lf'
(microtype)                in font encoding `TU' in protrusion list
(microtype)                `EBGaramond-it-TU'.


Package microtype Warning: Unknown slot number of character
(microtype)                `/four.lf'
(microtype)                in font encoding `TU' in protrusion list
(microtype)                `EBGaramond-it-TU'.


Package microtype Warning: Unknown slot number of character
(microtype)                `/five.lf'
(microtype)                in font encoding `TU' in protrusion list
(microtype)                `EBGaramond-it-TU'.


Package microtype Warning: Unknown slot number of character
(microtype)                `/six.lf'
(microtype)                in font encoding `TU' in protrusion list
(microtype)                `EBGaramond-it-TU'.


Package microtype Warning: Unknown slot number of character
(microtype)                `/seven.lf'
(microtype)                in font encoding `TU' in protrusion list
(microtype)                `EBGaramond-it-TU'.


Package microtype Warning: Unknown slot number of character
(microtype)                `/eight.lf'
(microtype)                in font encoding `TU' in protrusion list
(microtype)                `EBGaramond-it-TU'.


Package microtype Warning: Unknown slot number of character
(microtype)                `/nine.lf'
(microtype)                in font encoding `TU' in protrusion list
(microtype)                `EBGaramond-it-TU'.


Package microtype Warning: Unknown slot number of character
(microtype)                `/one.osf'
(microtype)                in font encoding `TU' in protrusion list
(microtype)                `EBGaramond-it-TU'.


Package microtype Warning: Unknown slot number of character
(microtype)                `/two.osf'
(microtype)                in font encoding `TU' in protrusion list
(microtype)                `EBGaramond-it-TU'.


Package microtype Warning: Unknown slot number of character
(microtype)                `/three.osf'
(microtype)                in font encoding `TU' in protrusion list
(microtype)                `EBGaramond-it-TU'.


Package microtype Warning: Unknown slot number of character
(microtype)                `/four.osf'
(microtype)                in font encoding `TU' in protrusion list
(microtype)                `EBGaramond-it-TU'.


Package microtype Warning: Unknown slot number of character
(microtype)                `/seven.osf'
(microtype)                in font encoding `TU' in protrusion list
(microtype)                `EBGaramond-it-TU'.

Package microtype Info: Character `℃' is missing
(microtype)             in font `\TU/EBGaramond(0)/m/it/10.95'.
(microtype)             Ignoring protrusion settings for this character.
Package microtype Info: Character `ƒ' is missing
(microtype)             in font `\TU/EBGaramond(0)/m/it/10.95'.
(microtype)             Ignoring protrusion settings for this character.
Package microtype Info: Character `₡' is missing
(microtype)             in font `\TU/EBGaramond(0)/m/it/10.95'.
(microtype)             Ignoring protrusion settings for this character.

Package microtype Warning: Unknown slot number of character
(microtype)                `/one.tosf'
(microtype)                in font encoding `TU' in protrusion list
(microtype)                `EBGaramond-TU'.


Package microtype Warning: Unknown slot number of character
(microtype)                `/two.tosf'
(microtype)                in font encoding `TU' in protrusion list
(microtype)                `EBGaramond-TU'.


Package microtype Warning: Unknown slot number of character
(microtype)                `/three.tosf'
(microtype)                in font encoding `TU' in protrusion list
(microtype)                `EBGaramond-TU'.


Package microtype Warning: Unknown slot number of character
(microtype)                `/four.tosf'
(microtype)                in font encoding `TU' in protrusion list
(microtype)                `EBGaramond-TU'.


Package microtype Warning: Unknown slot number of character
(microtype)                `/five.tosf'
(microtype)                in font encoding `TU' in protrusion list
(microtype)                `EBGaramond-TU'.


Package microtype Warning: Unknown slot number of character
(microtype)                `/six.tosf'
(microtype)                in font encoding `TU' in protrusion list
(microtype)                `EBGaramond-TU'.


Package microtype Warning: Unknown slot number of character
(microtype)                `/seven.tosf'
(microtype)                in font encoding `TU' in protrusion list
(microtype)                `EBGaramond-TU'.


Package microtype Warning: Unknown slot number of character
(microtype)                `/eight.tosf'
(microtype)                in font encoding `TU' in protrusion list
(microtype)                `EBGaramond-TU'.


Package microtype Warning: Unknown slot number of character
(microtype)                `/nine.tosf'
(microtype)                in font encoding `TU' in protrusion list
(microtype)                `EBGaramond-TU'.


Package microtype Warning: Unknown slot number of character
(microtype)                `/one.lf'
(microtype)                in font encoding `TU' in protrusion list
(microtype)                `EBGaramond-TU'.


Package microtype Warning: Unknown slot number of character
(microtype)                `/two.lf'
(microtype)                in font encoding `TU' in protrusion list
(microtype)                `EBGaramond-TU'.


Package microtype Warning: Unknown slot number of character
(microtype)                `/four.lf'
(microtype)                in font encoding `TU' in protrusion list
(microtype)                `EBGaramond-TU'.


Package microtype Warning: Unknown slot number of character
(microtype)                `/seven.lf'
(microtype)                in font encoding `TU' in protrusion list
(microtype)                `EBGaramond-TU'.


Package microtype Warning: Unknown slot number of character
(microtype)                `/one.osf'
(microtype)                in font encoding `TU' in protrusion list
(microtype)                `EBGaramond-TU'.


Package microtype Warning: Unknown slot number of character
(microtype)                `/two.osf'
(microtype)                in font encoding `TU' in protrusion list
(microtype)                `EBGaramond-TU'.


Package microtype Warning: Unknown slot number of character
(microtype)                `/four.osf'
(microtype)                in font encoding `TU' in protrusion list
(microtype)                `EBGaramond-TU'.


Package microtype Warning: Unknown slot number of character
(microtype)                `/seven.osf'
(microtype)                in font encoding `TU' in protrusion list
(microtype)                `EBGaramond-TU'.

Package microtype Info: Character `Ⅳ' is missing
(microtype)             in font `\TU/EBGaramond(0)/m/n/8'.
(microtype)             Ignoring protrusion settings for this character.
Package microtype Info: Character `Ⅵ' is missing
(microtype)             in font `\TU/EBGaramond(0)/m/n/8'.
(microtype)             Ignoring protrusion settings for this character.
Package microtype Info: Character `Ⅶ' is missing
(microtype)             in font `\TU/EBGaramond(0)/m/n/8'.
(microtype)             Ignoring protrusion settings for this character.
Package microtype Info: Character `Ⅷ' is missing
(microtype)             in font `\TU/EBGaramond(0)/m/n/8'.
(microtype)             Ignoring protrusion settings for this character.
Package microtype Info: Character `Ⅸ' is missing
(microtype)             in font `\TU/EBGaramond(0)/m/n/8'.
(microtype)             Ignoring protrusion settings for this character.
Package microtype Info: Character `Ⅺ' is missing
(microtype)             in font `\TU/EBGaramond(0)/m/n/8'.
(microtype)             Ignoring protrusion settings for this character.
Package microtype Info: Character `Ⅻ' is missing
(microtype)             in font `\TU/EBGaramond(0)/m/n/8'.
(microtype)             Ignoring protrusion settings for this character.
Package microtype Info: Character `ⅳ' is missing
(microtype)             in font `\TU/EBGaramond(0)/m/n/8'.
(microtype)             Ignoring protrusion settings for this character.
Package microtype Info: Character `ⅵ' is missing
(microtype)             in font `\TU/EBGaramond(0)/m/n/8'.
(microtype)             Ignoring protrusion settings for this character.
Package microtype Info: Character `ⅶ' is missing
(microtype)             in font `\TU/EBGaramond(0)/m/n/8'.
(microtype)             Ignoring protrusion settings for this character.
Package microtype Info: Character `ⅷ' is missing
(microtype)             in font `\TU/EBGaramond(0)/m/n/8'.
(microtype)             Ignoring protrusion settings for this character.
Package microtype Info: Character `ⅸ' is missing
(microtype)             in font `\TU/EBGaramond(0)/m/n/8'.
(microtype)             Ignoring protrusion settings for this character.
Package microtype Info: Character `ⅺ' is missing
(microtype)             in font `\TU/EBGaramond(0)/m/n/8'.
(microtype)             Ignoring protrusion settings for this character.
Package microtype Info: Character `ⅻ' is missing
(microtype)             in font `\TU/EBGaramond(0)/m/n/8'.
(microtype)             Ignoring protrusion settings for this character.
Package microtype Info: Character `˷' is missing
(microtype)             in font `\TU/EBGaramond(0)/m/n/8'.
(microtype)             Ignoring protrusion settings for this character.
Package microtype Info: Character `ƒ' is missing
(microtype)             in font `\TU/EBGaramond(0)/m/n/8'.
(microtype)             Ignoring protrusion settings for this character.
Package microtype Info: Character `₡' is missing
(microtype)             in font `\TU/EBGaramond(0)/m/n/8'.
(microtype)             Ignoring protrusion settings for this character.
Package microtype Info: Character `•' is missing
(microtype)             in font `\TU/EBGaramond(0)/m/n/8'.
(microtype)             Ignoring protrusion settings for this character.

Package microtype Warning: Unknown slot number of character
(microtype)                `/twodotenleader'
(microtype)                in font encoding `TU' in protrusion list
(microtype)                `EBGaramond-TU'.

Package microtype Info: Character `℃' is missing
(microtype)             in font `\TU/EBGaramond(0)/m/n/8'.
(microtype)             Ignoring protrusion settings for this character.
Package microtype Info: Character `™' is missing
(microtype)             in font `\TU/EBGaramond(0)/m/n/8'.
(microtype)             Ignoring protrusion settings for this character.
Package microtype Info: Character `−' is missing
(microtype)             in font `\TU/EBGaramond(0)/m/n/8'.
(microtype)             Ignoring protrusion settings for this character.
Package microtype Info: Character `ϙ' is missing
(microtype)             in font `\TU/EBGaramond(0)/m/n/8'.
(microtype)             Ignoring protrusion settings for this character.
Package microtype Info: Character `Ѱ' is missing
(microtype)             in font `\TU/EBGaramond(0)/m/n/8'.
(microtype)             Ignoring protrusion settings for this character.
Package microtype Info: Character `Ѵ' is missing
(microtype)             in font `\TU/EBGaramond(0)/m/n/8'.
(microtype)             Ignoring protrusion settings for this character.
Package microtype Info: Character `Ʌ' is missing
(microtype)             in font `\TU/EBGaramond(0)/m/n/8'.
(microtype)             Ignoring protrusion settings for this character.
Package microtype Info: Character `⑴' is missing
(microtype)             in font `\TU/EBGaramond(0)/m/n/8'.
(microtype)             Ignoring protrusion settings for this character.
Package microtype Info: Character `⒜' is missing
(microtype)             in font `\TU/EBGaramond(0)/m/n/8'.
(microtype)             Ignoring protrusion settings for this character.

Package microtype Warning: Unknown slot number of character
(microtype)                `/one.tosf'
(microtype)                in font encoding `TU' in protrusion list
(microtype)                `EBGaramond-TU'.


Package microtype Warning: Unknown slot number of character
(microtype)                `/two.tosf'
(microtype)                in font encoding `TU' in protrusion list
(microtype)                `EBGaramond-TU'.


Package microtype Warning: Unknown slot number of character
(microtype)                `/three.tosf'
(microtype)                in font encoding `TU' in protrusion list
(microtype)                `EBGaramond-TU'.


Package microtype Warning: Unknown slot number of character
(microtype)                `/four.tosf'
(microtype)                in font encoding `TU' in protrusion list
(microtype)                `EBGaramond-TU'.


Package microtype Warning: Unknown slot number of character
(microtype)                `/five.tosf'
(microtype)                in font encoding `TU' in protrusion list
(microtype)                `EBGaramond-TU'.


Package microtype Warning: Unknown slot number of character
(microtype)                `/six.tosf'
(microtype)                in font encoding `TU' in protrusion list
(microtype)                `EBGaramond-TU'.


Package microtype Warning: Unknown slot number of character
(microtype)                `/seven.tosf'
(microtype)                in font encoding `TU' in protrusion list
(microtype)                `EBGaramond-TU'.


Package microtype Warning: Unknown slot number of character
(microtype)                `/eight.tosf'
(microtype)                in font encoding `TU' in protrusion list
(microtype)                `EBGaramond-TU'.


Package microtype Warning: Unknown slot number of character
(microtype)                `/nine.tosf'
(microtype)                in font encoding `TU' in protrusion list
(microtype)                `EBGaramond-TU'.


Package microtype Warning: Unknown slot number of character
(microtype)                `/one.lf'
(microtype)                in font encoding `TU' in protrusion list
(microtype)                `EBGaramond-TU'.


Package microtype Warning: Unknown slot number of character
(microtype)                `/two.lf'
(microtype)                in font encoding `TU' in protrusion list
(microtype)                `EBGaramond-TU'.


Package microtype Warning: Unknown slot number of character
(microtype)                `/four.lf'
(microtype)                in font encoding `TU' in protrusion list
(microtype)                `EBGaramond-TU'.


Package microtype Warning: Unknown slot number of character
(microtype)                `/seven.lf'
(microtype)                in font encoding `TU' in protrusion list
(microtype)                `EBGaramond-TU'.


Package microtype Warning: Unknown slot number of character
(microtype)                `/one.osf'
(microtype)                in font encoding `TU' in protrusion list
(microtype)                `EBGaramond-TU'.


Package microtype Warning: Unknown slot number of character
(microtype)                `/two.osf'
(microtype)                in font encoding `TU' in protrusion list
(microtype)                `EBGaramond-TU'.


Package microtype Warning: Unknown slot number of character
(microtype)                `/four.osf'
(microtype)                in font encoding `TU' in protrusion list
(microtype)                `EBGaramond-TU'.


Package microtype Warning: Unknown slot number of character
(microtype)                `/seven.osf'
(microtype)                in font encoding `TU' in protrusion list
(microtype)                `EBGaramond-TU'.

Package microtype Info: Character `Ⅳ' is missing
(microtype)             in font `\TU/EBGaramond(0)/m/n/6'.
(microtype)             Ignoring protrusion settings for this character.
Package microtype Info: Character `Ⅵ' is missing
(microtype)             in font `\TU/EBGaramond(0)/m/n/6'.
(microtype)             Ignoring protrusion settings for this character.
Package microtype Info: Character `Ⅶ' is missing
(microtype)             in font `\TU/EBGaramond(0)/m/n/6'.
(microtype)             Ignoring protrusion settings for this character.
Package microtype Info: Character `Ⅷ' is missing
(microtype)             in font `\TU/EBGaramond(0)/m/n/6'.
(microtype)             Ignoring protrusion settings for this character.
Package microtype Info: Character `Ⅸ' is missing
(microtype)             in font `\TU/EBGaramond(0)/m/n/6'.
(microtype)             Ignoring protrusion settings for this character.
Package microtype Info: Character `Ⅺ' is missing
(microtype)             in font `\TU/EBGaramond(0)/m/n/6'.
(microtype)             Ignoring protrusion settings for this character.
Package microtype Info: Character `Ⅻ' is missing
(microtype)             in font `\TU/EBGaramond(0)/m/n/6'.
(microtype)             Ignoring protrusion settings for this character.
Package microtype Info: Character `ⅳ' is missing
(microtype)             in font `\TU/EBGaramond(0)/m/n/6'.
(microtype)             Ignoring protrusion settings for this character.
Package microtype Info: Character `ⅵ' is missing
(microtype)             in font `\TU/EBGaramond(0)/m/n/6'.
(microtype)             Ignoring protrusion settings for this character.
Package microtype Info: Character `ⅶ' is missing
(microtype)             in font `\TU/EBGaramond(0)/m/n/6'.
(microtype)             Ignoring protrusion settings for this character.
Package microtype Info: Character `ⅷ' is missing
(microtype)             in font `\TU/EBGaramond(0)/m/n/6'.
(microtype)             Ignoring protrusion settings for this character.
Package microtype Info: Character `ⅸ' is missing
(microtype)             in font `\TU/EBGaramond(0)/m/n/6'.
(microtype)             Ignoring protrusion settings for this character.
Package microtype Info: Character `ⅺ' is missing
(microtype)             in font `\TU/EBGaramond(0)/m/n/6'.
(microtype)             Ignoring protrusion settings for this character.
Package microtype Info: Character `ⅻ' is missing
(microtype)             in font `\TU/EBGaramond(0)/m/n/6'.
(microtype)             Ignoring protrusion settings for this character.
Package microtype Info: Character `˷' is missing
(microtype)             in font `\TU/EBGaramond(0)/m/n/6'.
(microtype)             Ignoring protrusion settings for this character.
Package microtype Info: Character `ƒ' is missing
(microtype)             in font `\TU/EBGaramond(0)/m/n/6'.
(microtype)             Ignoring protrusion settings for this character.
Package microtype Info: Character `₡' is missing
(microtype)             in font `\TU/EBGaramond(0)/m/n/6'.
(microtype)             Ignoring protrusion settings for this character.
Package microtype Info: Character `•' is missing
(microtype)             in font `\TU/EBGaramond(0)/m/n/6'.
(microtype)             Ignoring protrusion settings for this character.

Package microtype Warning: Unknown slot number of character
(microtype)                `/twodotenleader'
(microtype)                in font encoding `TU' in protrusion list
(microtype)                `EBGaramond-TU'.

Package microtype Info: Character `℃' is missing
(microtype)             in font `\TU/EBGaramond(0)/m/n/6'.
(microtype)             Ignoring protrusion settings for this character.
Package microtype Info: Character `™' is missing
(microtype)             in font `\TU/EBGaramond(0)/m/n/6'.
(microtype)             Ignoring protrusion settings for this character.
Package microtype Info: Character `−' is missing
(microtype)             in font `\TU/EBGaramond(0)/m/n/6'.
(microtype)             Ignoring protrusion settings for this character.
Package microtype Info: Character `ϙ' is missing
(microtype)             in font `\TU/EBGaramond(0)/m/n/6'.
(microtype)             Ignoring protrusion settings for this character.
Package microtype Info: Character `Ѱ' is missing
(microtype)             in font `\TU/EBGaramond(0)/m/n/6'.
(microtype)             Ignoring protrusion settings for this character.
Package microtype Info: Character `Ѵ' is missing
(microtype)             in font `\TU/EBGaramond(0)/m/n/6'.
(microtype)             Ignoring protrusion settings for this character.
Package microtype Info: Character `Ʌ' is missing
(microtype)             in font `\TU/EBGaramond(0)/m/n/6'.
(microtype)             Ignoring protrusion settings for this character.
Package microtype Info: Character `⑴' is missing
(microtype)             in font `\TU/EBGaramond(0)/m/n/6'.
(microtype)             Ignoring protrusion settings for this character.
Package microtype Info: Character `⒜' is missing
(microtype)             in font `\TU/EBGaramond(0)/m/n/6'.
(microtype)             Ignoring protrusion settings for this character.
LaTeX Font Info:    External font `cmex10' loaded for size
(Font)              <10.95> on input line 186.
LaTeX Font Info:    External font `cmex10' loaded for size
(Font)              <8> on input line 186.
LaTeX Font Info:    External font `cmex10' loaded for size
(Font)              <6> on input line 186.
[5

] [6

] (./chapters_content.tex
Capítulo I.

Package microtype Warning: Unknown slot number of character
(microtype)                `/one.tosf'
(microtype)                in font encoding `TU' in protrusion list
(microtype)                `EBGaramond-TU'.


Package microtype Warning: Unknown slot number of character
(microtype)                `/two.tosf'
(microtype)                in font encoding `TU' in protrusion list
(microtype)                `EBGaramond-TU'.


Package microtype Warning: Unknown slot number of character
(microtype)                `/three.tosf'
(microtype)                in font encoding `TU' in protrusion list
(microtype)                `EBGaramond-TU'.


Package microtype Warning: Unknown slot number of character
(microtype)                `/four.tosf'
(microtype)                in font encoding `TU' in protrusion list
(microtype)                `EBGaramond-TU'.


Package microtype Warning: Unknown slot number of character
(microtype)                `/five.tosf'
(microtype)                in font encoding `TU' in protrusion list
(microtype)                `EBGaramond-TU'.


Package microtype Warning: Unknown slot number of character
(microtype)                `/six.tosf'
(microtype)                in font encoding `TU' in protrusion list
(microtype)                `EBGaramond-TU'.


Package microtype Warning: Unknown slot number of character
(microtype)                `/seven.tosf'
(microtype)                in font encoding `TU' in protrusion list
(microtype)                `EBGaramond-TU'.


Package microtype Warning: Unknown slot number of character
(microtype)                `/eight.tosf'
(microtype)                in font encoding `TU' in protrusion list
(microtype)                `EBGaramond-TU'.


Package microtype Warning: Unknown slot number of character
(microtype)                `/nine.tosf'
(microtype)                in font encoding `TU' in protrusion list
(microtype)                `EBGaramond-TU'.


Package microtype Warning: Unknown slot number of character
(microtype)                `/one.lf'
(microtype)                in font encoding `TU' in protrusion list
(microtype)                `EBGaramond-TU'.


Package microtype Warning: Unknown slot number of character
(microtype)                `/two.lf'
(microtype)                in font encoding `TU' in protrusion list
(microtype)                `EBGaramond-TU'.


Package microtype Warning: Unknown slot number of character
(microtype)                `/four.lf'
(microtype)                in font encoding `TU' in protrusion list
(microtype)                `EBGaramond-TU'.


Package microtype Warning: Unknown slot number of character
(microtype)                `/seven.lf'
(microtype)                in font encoding `TU' in protrusion list
(microtype)                `EBGaramond-TU'.


Package microtype Warning: Unknown slot number of character
(microtype)                `/one.osf'
(microtype)                in font encoding `TU' in protrusion list
(microtype)                `EBGaramond-TU'.


Package microtype Warning: Unknown slot number of character
(microtype)                `/two.osf'
(microtype)                in font encoding `TU' in protrusion list
(microtype)                `EBGaramond-TU'.


Package microtype Warning: Unknown slot number of character
(microtype)                `/four.osf'
(microtype)                in font encoding `TU' in protrusion list
(microtype)                `EBGaramond-TU'.


Package microtype Warning: Unknown slot number of character
(microtype)                `/seven.osf'
(microtype)                in font encoding `TU' in protrusion list
(microtype)                `EBGaramond-TU'.

Package microtype Info: Character `Ⅳ' is missing
(microtype)             in font `\TU/EBGaramond(0)/m/n/9'.
(microtype)             Ignoring protrusion settings for this character.
Package microtype Info: Character `Ⅵ' is missing
(microtype)             in font `\TU/EBGaramond(0)/m/n/9'.
(microtype)             Ignoring protrusion settings for this character.
Package microtype Info: Character `Ⅶ' is missing
(microtype)             in font `\TU/EBGaramond(0)/m/n/9'.
(microtype)             Ignoring protrusion settings for this character.
Package microtype Info: Character `Ⅷ' is missing
(microtype)             in font `\TU/EBGaramond(0)/m/n/9'.
(microtype)             Ignoring protrusion settings for this character.
Package microtype Info: Character `Ⅸ' is missing
(microtype)             in font `\TU/EBGaramond(0)/m/n/9'.
(microtype)             Ignoring protrusion settings for this character.
Package microtype Info: Character `Ⅺ' is missing
(microtype)             in font `\TU/EBGaramond(0)/m/n/9'.
(microtype)             Ignoring protrusion settings for this character.
Package microtype Info: Character `Ⅻ' is missing
(microtype)             in font `\TU/EBGaramond(0)/m/n/9'.
(microtype)             Ignoring protrusion settings for this character.
Package microtype Info: Character `ⅳ' is missing
(microtype)             in font `\TU/EBGaramond(0)/m/n/9'.
(microtype)             Ignoring protrusion settings for this character.
Package microtype Info: Character `ⅵ' is missing
(microtype)             in font `\TU/EBGaramond(0)/m/n/9'.
(microtype)             Ignoring protrusion settings for this character.
Package microtype Info: Character `ⅶ' is missing
(microtype)             in font `\TU/EBGaramond(0)/m/n/9'.
(microtype)             Ignoring protrusion settings for this character.
Package microtype Info: Character `ⅷ' is missing
(microtype)             in font `\TU/EBGaramond(0)/m/n/9'.
(microtype)             Ignoring protrusion settings for this character.
Package microtype Info: Character `ⅸ' is missing
(microtype)             in font `\TU/EBGaramond(0)/m/n/9'.
(microtype)             Ignoring protrusion settings for this character.
Package microtype Info: Character `ⅺ' is missing
(microtype)             in font `\TU/EBGaramond(0)/m/n/9'.
(microtype)             Ignoring protrusion settings for this character.
Package microtype Info: Character `ⅻ' is missing
(microtype)             in font `\TU/EBGaramond(0)/m/n/9'.
(microtype)             Ignoring protrusion settings for this character.
Package microtype Info: Character `˷' is missing
(microtype)             in font `\TU/EBGaramond(0)/m/n/9'.
(microtype)             Ignoring protrusion settings for this character.
Package microtype Info: Character `ƒ' is missing
(microtype)             in font `\TU/EBGaramond(0)/m/n/9'.
(microtype)             Ignoring protrusion settings for this character.
Package microtype Info: Character `₡' is missing
(microtype)             in font `\TU/EBGaramond(0)/m/n/9'.
(microtype)             Ignoring protrusion settings for this character.
Package microtype Info: Character `•' is missing
(microtype)             in font `\TU/EBGaramond(0)/m/n/9'.
(microtype)             Ignoring protrusion settings for this character.

Package microtype Warning: Unknown slot number of character
(microtype)                `/twodotenleader'
(microtype)                in font encoding `TU' in protrusion list
(microtype)                `EBGaramond-TU'.

Package microtype Info: Character `℃' is missing
(microtype)             in font `\TU/EBGaramond(0)/m/n/9'.
(microtype)             Ignoring protrusion settings for this character.
Package microtype Info: Character `™' is missing
(microtype)             in font `\TU/EBGaramond(0)/m/n/9'.
(microtype)             Ignoring protrusion settings for this character.
Package microtype Info: Character `−' is missing
(microtype)             in font `\TU/EBGaramond(0)/m/n/9'.
(microtype)             Ignoring protrusion settings for this character.
Package microtype Info: Character `ϙ' is missing
(microtype)             in font `\TU/EBGaramond(0)/m/n/9'.
(microtype)             Ignoring protrusion settings for this character.
Package microtype Info: Character `Ѱ' is missing
(microtype)             in font `\TU/EBGaramond(0)/m/n/9'.
(microtype)             Ignoring protrusion settings for this character.
Package microtype Info: Character `Ѵ' is missing
(microtype)             in font `\TU/EBGaramond(0)/m/n/9'.
(microtype)             Ignoring protrusion settings for this character.
Package microtype Info: Character `Ʌ' is missing
(microtype)             in font `\TU/EBGaramond(0)/m/n/9'.
(microtype)             Ignoring protrusion settings for this character.
Package microtype Info: Character `⑴' is missing
(microtype)             in font `\TU/EBGaramond(0)/m/n/9'.
(microtype)             Ignoring protrusion settings for this character.
Package microtype Info: Character `⒜' is missing
(microtype)             in font `\TU/EBGaramond(0)/m/n/9'.
(microtype)             Ignoring protrusion settings for this character.

Package microtype Warning: Unknown slot number of character
(microtype)                `/one.tosf'
(microtype)                in font encoding `TU' in protrusion list 
(microtype)                `EBGaramond-TU'.


Package microtype Warning: Unknown slot number of character
(microtype)                `/two.tosf'
(microtype)                in font encoding `TU' in protrusion list 
(microtype)                `EBGaramond-TU'.


Package microtype Warning: Unknown slot number of character
(microtype)                `/three.tosf'
(microtype)                in font encoding `TU' in protrusion list 
(microtype)                `EBGaramond-TU'.


Package microtype Warning: Unknown slot number of character
(microtype)                `/four.tosf'
(microtype)                in font encoding `TU' in protrusion list 
(microtype)                `EBGaramond-TU'.


Package microtype Warning: Unknown slot number of character
(microtype)                `/five.tosf'
(microtype)                in font encoding `TU' in protrusion list 
(microtype)                `EBGaramond-TU'.


Package microtype Warning: Unknown slot number of character
(microtype)                `/six.tosf'
(microtype)                in font encoding `TU' in protrusion list 
(microtype)                `EBGaramond-TU'.


Package microtype Warning: Unknown slot number of character
(microtype)                `/seven.tosf'
(microtype)                in font encoding `TU' in protrusion list 
(microtype)                `EBGaramond-TU'.


Package microtype Warning: Unknown slot number of character
(microtype)                `/eight.tosf'
(microtype)                in font encoding `TU' in protrusion list 
(microtype)                `EBGaramond-TU'.


Package microtype Warning: Unknown slot number of character
(microtype)                `/nine.tosf'
(microtype)                in font encoding `TU' in protrusion list 
(microtype)                `EBGaramond-TU'.


Package microtype Warning: Unknown slot number of character
(microtype)                `/one.lf'
(microtype)                in font encoding `TU' in protrusion list 
(microtype)                `EBGaramond-TU'.


Package microtype Warning: Unknown slot number of character
(microtype)                `/two.lf'
(microtype)                in font encoding `TU' in protrusion list 
(microtype)                `EBGaramond-TU'.


Package microtype Warning: Unknown slot number of character
(microtype)                `/four.lf'
(microtype)                in font encoding `TU' in protrusion list 
(microtype)                `EBGaramond-TU'.


Package microtype Warning: Unknown slot number of character
(microtype)                `/seven.lf'
(microtype)                in font encoding `TU' in protrusion list 
(microtype)                `EBGaramond-TU'.


Package microtype Warning: Unknown slot number of character
(microtype)                `/one.osf'
(microtype)                in font encoding `TU' in protrusion list 
(microtype)                `EBGaramond-TU'.


Package microtype Warning: Unknown slot number of character
(microtype)                `/two.osf'
(microtype)                in font encoding `TU' in protrusion list 
(microtype)                `EBGaramond-TU'.


Package microtype Warning: Unknown slot number of character
(microtype)                `/four.osf'
(microtype)                in font encoding `TU' in protrusion list 
(microtype)                `EBGaramond-TU'.


Package microtype Warning: Unknown slot number of character
(microtype)                `/seven.osf'
(microtype)                in font encoding `TU' in protrusion list 
(microtype)                `EBGaramond-TU'.

Package microtype Info: Character `Ⅳ' is missing
(microtype)             in font `\TU/EBGaramond(0)/m/sc/9'.
(microtype)             Ignoring protrusion settings for this character.
Package microtype Info: Character `Ⅵ' is missing
(microtype)             in font `\TU/EBGaramond(0)/m/sc/9'.
(microtype)             Ignoring protrusion settings for this character.
Package microtype Info: Character `Ⅶ' is missing
(microtype)             in font `\TU/EBGaramond(0)/m/sc/9'.
(microtype)             Ignoring protrusion settings for this character.
Package microtype Info: Character `Ⅷ' is missing
(microtype)             in font `\TU/EBGaramond(0)/m/sc/9'.
(microtype)             Ignoring protrusion settings for this character.
Package microtype Info: Character `Ⅸ' is missing
(microtype)             in font `\TU/EBGaramond(0)/m/sc/9'.
(microtype)             Ignoring protrusion settings for this character.
Package microtype Info: Character `Ⅺ' is missing
(microtype)             in font `\TU/EBGaramond(0)/m/sc/9'.
(microtype)             Ignoring protrusion settings for this character.
Package microtype Info: Character `Ⅻ' is missing
(microtype)             in font `\TU/EBGaramond(0)/m/sc/9'.
(microtype)             Ignoring protrusion settings for this character.
Package microtype Info: Character `ⅳ' is missing
(microtype)             in font `\TU/EBGaramond(0)/m/sc/9'.
(microtype)             Ignoring protrusion settings for this character.
Package microtype Info: Character `ⅵ' is missing
(microtype)             in font `\TU/EBGaramond(0)/m/sc/9'.
(microtype)             Ignoring protrusion settings for this character.
Package microtype Info: Character `ⅶ' is missing
(microtype)             in font `\TU/EBGaramond(0)/m/sc/9'.
(microtype)             Ignoring protrusion settings for this character.
Package microtype Info: Character `ⅷ' is missing
(microtype)             in font `\TU/EBGaramond(0)/m/sc/9'.
(microtype)             Ignoring protrusion settings for this character.
Package microtype Info: Character `ⅸ' is missing
(microtype)             in font `\TU/EBGaramond(0)/m/sc/9'.
(microtype)             Ignoring protrusion settings for this character.
Package microtype Info: Character `ⅺ' is missing
(microtype)             in font `\TU/EBGaramond(0)/m/sc/9'.
(microtype)             Ignoring protrusion settings for this character.
Package microtype Info: Character `ⅻ' is missing
(microtype)             in font `\TU/EBGaramond(0)/m/sc/9'.
(microtype)             Ignoring protrusion settings for this character.
Package microtype Info: Character `˷' is missing
(microtype)             in font `\TU/EBGaramond(0)/m/sc/9'.
(microtype)             Ignoring protrusion settings for this character.
Package microtype Info: Character `ƒ' is missing
(microtype)             in font `\TU/EBGaramond(0)/m/sc/9'.
(microtype)             Ignoring protrusion settings for this character.
Package microtype Info: Character `₡' is missing
(microtype)             in font `\TU/EBGaramond(0)/m/sc/9'.
(microtype)             Ignoring protrusion settings for this character.
Package microtype Info: Character `•' is missing
(microtype)             in font `\TU/EBGaramond(0)/m/sc/9'.
(microtype)             Ignoring protrusion settings for this character.

Package microtype Warning: Unknown slot number of character
(microtype)                `/twodotenleader'
(microtype)                in font encoding `TU' in protrusion list 
(microtype)                `EBGaramond-TU'.

Package microtype Info: Character `℃' is missing
(microtype)             in font `\TU/EBGaramond(0)/m/sc/9'.
(microtype)             Ignoring protrusion settings for this character.
Package microtype Info: Character `™' is missing
(microtype)             in font `\TU/EBGaramond(0)/m/sc/9'.
(microtype)             Ignoring protrusion settings for this character.
Package microtype Info: Character `−' is missing
(microtype)             in font `\TU/EBGaramond(0)/m/sc/9'.
(microtype)             Ignoring protrusion settings for this character.
Package microtype Info: Character `ϙ' is missing
(microtype)             in font `\TU/EBGaramond(0)/m/sc/9'.
(microtype)             Ignoring protrusion settings for this character.
Package microtype Info: Character `Ѱ' is missing
(microtype)             in font `\TU/EBGaramond(0)/m/sc/9'.
(microtype)             Ignoring protrusion settings for this character.
Package microtype Info: Character `Ѵ' is missing
(microtype)             in font `\TU/EBGaramond(0)/m/sc/9'.
(microtype)             Ignoring protrusion settings for this character.
Package microtype Info: Character `Ʌ' is missing
(microtype)             in font `\TU/EBGaramond(0)/m/sc/9'.
(microtype)             Ignoring protrusion settings for this character.
Package microtype Info: Character `⑴' is missing
(microtype)             in font `\TU/EBGaramond(0)/m/sc/9'.
(microtype)             Ignoring protrusion settings for this character.
Package microtype Info: Character `⒜' is missing
(microtype)             in font `\TU/EBGaramond(0)/m/sc/9'.
(microtype)             Ignoring protrusion settings for this character.
Package microtype Info: Character `156' is missing
(microtype)             in font `\TU/EBGaramond(0)/m/it/14.4'.
(microtype)             Ignoring protrusion settings for this character.

Package microtype Warning: Unknown slot number of character
(microtype)                `/zero.tosf'
(microtype)                in font encoding `TU' in protrusion list
(microtype)                `EBGaramond-it-TU'.


Package microtype Warning: Unknown slot number of character
(microtype)                `/one.tosf'
(microtype)                in font encoding `TU' in protrusion list
(microtype)                `EBGaramond-it-TU'.


Package microtype Warning: Unknown slot number of character
(microtype)                `/two.tosf'
(microtype)                in font encoding `TU' in protrusion list
(microtype)                `EBGaramond-it-TU'.


Package microtype Warning: Unknown slot number of character
(microtype)                `/three.tosf'
(microtype)                in font encoding `TU' in protrusion list
(microtype)                `EBGaramond-it-TU'.


Package microtype Warning: Unknown slot number of character
(microtype)                `/four.tosf'
(microtype)                in font encoding `TU' in protrusion list
(microtype)                `EBGaramond-it-TU'.


Package microtype Warning: Unknown slot number of character
(microtype)                `/five.tosf'
(microtype)                in font encoding `TU' in protrusion list
(microtype)                `EBGaramond-it-TU'.


Package microtype Warning: Unknown slot number of character
(microtype)                `/six.tosf'
(microtype)                in font encoding `TU' in protrusion list
(microtype)                `EBGaramond-it-TU'.


Package microtype Warning: Unknown slot number of character
(microtype)                `/seven.tosf'
(microtype)                in font encoding `TU' in protrusion list
(microtype)                `EBGaramond-it-TU'.


Package microtype Warning: Unknown slot number of character
(microtype)                `/eight.tosf'
(microtype)                in font encoding `TU' in protrusion list
(microtype)                `EBGaramond-it-TU'.


Package microtype Warning: Unknown slot number of character
(microtype)                `/nine.tosf'
(microtype)                in font encoding `TU' in protrusion list
(microtype)                `EBGaramond-it-TU'.


Package microtype Warning: Unknown slot number of character
(microtype)                `/one.lf'
(microtype)                in font encoding `TU' in protrusion list
(microtype)                `EBGaramond-it-TU'.


Package microtype Warning: Unknown slot number of character
(microtype)                `/two.lf'
(microtype)                in font encoding `TU' in protrusion list
(microtype)                `EBGaramond-it-TU'.


Package microtype Warning: Unknown slot number of character
(microtype)                `/three.lf'
(microtype)                in font encoding `TU' in protrusion list
(microtype)                `EBGaramond-it-TU'.


Package microtype Warning: Unknown slot number of character
(microtype)                `/four.lf'
(microtype)                in font encoding `TU' in protrusion list
(microtype)                `EBGaramond-it-TU'.


Package microtype Warning: Unknown slot number of character
(microtype)                `/five.lf'
(microtype)                in font encoding `TU' in protrusion list
(microtype)                `EBGaramond-it-TU'.


Package microtype Warning: Unknown slot number of character
(microtype)                `/six.lf'
(microtype)                in font encoding `TU' in protrusion list
(microtype)                `EBGaramond-it-TU'.


Package microtype Warning: Unknown slot number of character
(microtype)                `/seven.lf'
(microtype)                in font encoding `TU' in protrusion list
(microtype)                `EBGaramond-it-TU'.


Package microtype Warning: Unknown slot number of character
(microtype)                `/eight.lf'
(microtype)                in font encoding `TU' in protrusion list
(microtype)                `EBGaramond-it-TU'.


Package microtype Warning: Unknown slot number of character
(microtype)                `/nine.lf'
(microtype)                in font encoding `TU' in protrusion list
(microtype)                `EBGaramond-it-TU'.


Package microtype Warning: Unknown slot number of character
(microtype)                `/one.osf'
(microtype)                in font encoding `TU' in protrusion list
(microtype)                `EBGaramond-it-TU'.


Package microtype Warning: Unknown slot number of character
(microtype)                `/two.osf'
(microtype)                in font encoding `TU' in protrusion list
(microtype)                `EBGaramond-it-TU'.


Package microtype Warning: Unknown slot number of character
(microtype)                `/three.osf'
(microtype)                in font encoding `TU' in protrusion list
(microtype)                `EBGaramond-it-TU'.


Package microtype Warning: Unknown slot number of character
(microtype)                `/four.osf'
(microtype)                in font encoding `TU' in protrusion list
(microtype)                `EBGaramond-it-TU'.


Package microtype Warning: Unknown slot number of character
(microtype)                `/seven.osf'
(microtype)                in font encoding `TU' in protrusion list
(microtype)                `EBGaramond-it-TU'.

Package microtype Info: Character `℃' is missing
(microtype)             in font `\TU/EBGaramond(0)/m/it/14.4'.
(microtype)             Ignoring protrusion settings for this character.
Package microtype Info: Character `ƒ' is missing
(microtype)             in font `\TU/EBGaramond(0)/m/it/14.4'.
(microtype)             Ignoring protrusion settings for this character.
Package microtype Info: Character `₡' is missing
(microtype)             in font `\TU/EBGaramond(0)/m/it/14.4'.
(microtype)             Ignoring protrusion settings for this character.
Package microtype Info: Character `156' is missing
(microtype)             in font `\TU/EBGaramond(0)/m/it/10'.
(microtype)             Ignoring protrusion settings for this character.

Package microtype Warning: Unknown slot number of character
(microtype)                `/zero.tosf'
(microtype)                in font encoding `TU' in protrusion list
(microtype)                `EBGaramond-it-TU'.


Package microtype Warning: Unknown slot number of character
(microtype)                `/one.tosf'
(microtype)                in font encoding `TU' in protrusion list
(microtype)                `EBGaramond-it-TU'.


Package microtype Warning: Unknown slot number of character
(microtype)                `/two.tosf'
(microtype)                in font encoding `TU' in protrusion list
(microtype)                `EBGaramond-it-TU'.


Package microtype Warning: Unknown slot number of character
(microtype)                `/three.tosf'
(microtype)                in font encoding `TU' in protrusion list
(microtype)                `EBGaramond-it-TU'.


Package microtype Warning: Unknown slot number of character
(microtype)                `/four.tosf'
(microtype)                in font encoding `TU' in protrusion list
(microtype)                `EBGaramond-it-TU'.


Package microtype Warning: Unknown slot number of character
(microtype)                `/five.tosf'
(microtype)                in font encoding `TU' in protrusion list
(microtype)                `EBGaramond-it-TU'.


Package microtype Warning: Unknown slot number of character
(microtype)                `/six.tosf'
(microtype)                in font encoding `TU' in protrusion list
(microtype)                `EBGaramond-it-TU'.


Package microtype Warning: Unknown slot number of character
(microtype)                `/seven.tosf'
(microtype)                in font encoding `TU' in protrusion list
(microtype)                `EBGaramond-it-TU'.


Package microtype Warning: Unknown slot number of character
(microtype)                `/eight.tosf'
(microtype)                in font encoding `TU' in protrusion list
(microtype)                `EBGaramond-it-TU'.


Package microtype Warning: Unknown slot number of character
(microtype)                `/nine.tosf'
(microtype)                in font encoding `TU' in protrusion list
(microtype)                `EBGaramond-it-TU'.


Package microtype Warning: Unknown slot number of character
(microtype)                `/one.lf'
(microtype)                in font encoding `TU' in protrusion list
(microtype)                `EBGaramond-it-TU'.


Package microtype Warning: Unknown slot number of character
(microtype)                `/two.lf'
(microtype)                in font encoding `TU' in protrusion list
(microtype)                `EBGaramond-it-TU'.


Package microtype Warning: Unknown slot number of character
(microtype)                `/three.lf'
(microtype)                in font encoding `TU' in protrusion list
(microtype)                `EBGaramond-it-TU'.


Package microtype Warning: Unknown slot number of character
(microtype)                `/four.lf'
(microtype)                in font encoding `TU' in protrusion list
(microtype)                `EBGaramond-it-TU'.


Package microtype Warning: Unknown slot number of character
(microtype)                `/five.lf'
(microtype)                in font encoding `TU' in protrusion list
(microtype)                `EBGaramond-it-TU'.


Package microtype Warning: Unknown slot number of character
(microtype)                `/six.lf'
(microtype)                in font encoding `TU' in protrusion list
(microtype)                `EBGaramond-it-TU'.


Package microtype Warning: Unknown slot number of character
(microtype)                `/seven.lf'
(microtype)                in font encoding `TU' in protrusion list
(microtype)                `EBGaramond-it-TU'.


Package microtype Warning: Unknown slot number of character
(microtype)                `/eight.lf'
(microtype)                in font encoding `TU' in protrusion list
(microtype)                `EBGaramond-it-TU'.


Package microtype Warning: Unknown slot number of character
(microtype)                `/nine.lf'
(microtype)                in font encoding `TU' in protrusion list
(microtype)                `EBGaramond-it-TU'.


Package microtype Warning: Unknown slot number of character
(microtype)                `/one.osf'
(microtype)                in font encoding `TU' in protrusion list
(microtype)                `EBGaramond-it-TU'.


Package microtype Warning: Unknown slot number of character
(microtype)                `/two.osf'
(microtype)                in font encoding `TU' in protrusion list
(microtype)                `EBGaramond-it-TU'.


Package microtype Warning: Unknown slot number of character
(microtype)                `/three.osf'
(microtype)                in font encoding `TU' in protrusion list
(microtype)                `EBGaramond-it-TU'.


Package microtype Warning: Unknown slot number of character
(microtype)                `/four.osf'
(microtype)                in font encoding `TU' in protrusion list
(microtype)                `EBGaramond-it-TU'.


Package microtype Warning: Unknown slot number of character
(microtype)                `/seven.osf'
(microtype)                in font encoding `TU' in protrusion list
(microtype)                `EBGaramond-it-TU'.

Package microtype Info: Character `℃' is missing
(microtype)             in font `\TU/EBGaramond(0)/m/it/10'.
(microtype)             Ignoring protrusion settings for this character.
Package microtype Info: Character `ƒ' is missing
(microtype)             in font `\TU/EBGaramond(0)/m/it/10'.
(microtype)             Ignoring protrusion settings for this character.
Package microtype Info: Character `₡' is missing
(microtype)             in font `\TU/EBGaramond(0)/m/it/10'.
(microtype)             Ignoring protrusion settings for this character.

Package microtype Warning: Unknown slot number of character
(microtype)                `/one.tosf'
(microtype)                in font encoding `TU' in protrusion list 
(microtype)                `EBGaramond-TU'.


Package microtype Warning: Unknown slot number of character
(microtype)                `/two.tosf'
(microtype)                in font encoding `TU' in protrusion list 
(microtype)                `EBGaramond-TU'.


Package microtype Warning: Unknown slot number of character
(microtype)                `/three.tosf'
(microtype)                in font encoding `TU' in protrusion list 
(microtype)                `EBGaramond-TU'.


Package microtype Warning: Unknown slot number of character
(microtype)                `/four.tosf'
(microtype)                in font encoding `TU' in protrusion list 
(microtype)                `EBGaramond-TU'.


Package microtype Warning: Unknown slot number of character
(microtype)                `/five.tosf'
(microtype)                in font encoding `TU' in protrusion list 
(microtype)                `EBGaramond-TU'.


Package microtype Warning: Unknown slot number of character
(microtype)                `/six.tosf'
(microtype)                in font encoding `TU' in protrusion list 
(microtype)                `EBGaramond-TU'.


Package microtype Warning: Unknown slot number of character
(microtype)                `/seven.tosf'
(microtype)                in font encoding `TU' in protrusion list 
(microtype)                `EBGaramond-TU'.


Package microtype Warning: Unknown slot number of character
(microtype)                `/eight.tosf'
(microtype)                in font encoding `TU' in protrusion list 
(microtype)                `EBGaramond-TU'.


Package microtype Warning: Unknown slot number of character
(microtype)                `/nine.tosf'
(microtype)                in font encoding `TU' in protrusion list 
(microtype)                `EBGaramond-TU'.


Package microtype Warning: Unknown slot number of character
(microtype)                `/one.lf'
(microtype)                in font encoding `TU' in protrusion list 
(microtype)                `EBGaramond-TU'.


Package microtype Warning: Unknown slot number of character
(microtype)                `/two.lf'
(microtype)                in font encoding `TU' in protrusion list 
(microtype)                `EBGaramond-TU'.


Package microtype Warning: Unknown slot number of character
(microtype)                `/four.lf'
(microtype)                in font encoding `TU' in protrusion list 
(microtype)                `EBGaramond-TU'.


Package microtype Warning: Unknown slot number of character
(microtype)                `/seven.lf'
(microtype)                in font encoding `TU' in protrusion list 
(microtype)                `EBGaramond-TU'.


Package microtype Warning: Unknown slot number of character
(microtype)                `/one.osf'
(microtype)                in font encoding `TU' in protrusion list 
(microtype)                `EBGaramond-TU'.


Package microtype Warning: Unknown slot number of character
(microtype)                `/two.osf'
(microtype)                in font encoding `TU' in protrusion list 
(microtype)                `EBGaramond-TU'.


Package microtype Warning: Unknown slot number of character
(microtype)                `/four.osf'
(microtype)                in font encoding `TU' in protrusion list 
(microtype)                `EBGaramond-TU'.


Package microtype Warning: Unknown slot number of character
(microtype)                `/seven.osf'
(microtype)                in font encoding `TU' in protrusion list 
(microtype)                `EBGaramond-TU'.

Package microtype Info: Character `₡' is missing
(microtype)             in font `\TU/EBGaramond(0)/m/sc/10.95'.
(microtype)             Ignoring protrusion settings for this character.

Package microtype Warning: Unknown slot number of character
(microtype)                `/one.tosf'
(microtype)                in font encoding `TU' in protrusion list
(microtype)                `EBGaramond-TU'.


Package microtype Warning: Unknown slot number of character
(microtype)                `/two.tosf'
(microtype)                in font encoding `TU' in protrusion list
(microtype)                `EBGaramond-TU'.


Package microtype Warning: Unknown slot number of character
(microtype)                `/three.tosf'
(microtype)                in font encoding `TU' in protrusion list
(microtype)                `EBGaramond-TU'.


Package microtype Warning: Unknown slot number of character
(microtype)                `/four.tosf'
(microtype)                in font encoding `TU' in protrusion list
(microtype)                `EBGaramond-TU'.


Package microtype Warning: Unknown slot number of character
(microtype)                `/five.tosf'
(microtype)                in font encoding `TU' in protrusion list
(microtype)                `EBGaramond-TU'.


Package microtype Warning: Unknown slot number of character
(microtype)                `/six.tosf'
(microtype)                in font encoding `TU' in protrusion list
(microtype)                `EBGaramond-TU'.


Package microtype Warning: Unknown slot number of character
(microtype)                `/seven.tosf'
(microtype)                in font encoding `TU' in protrusion list
(microtype)                `EBGaramond-TU'.


Package microtype Warning: Unknown slot number of character
(microtype)                `/eight.tosf'
(microtype)                in font encoding `TU' in protrusion list
(microtype)                `EBGaramond-TU'.


Package microtype Warning: Unknown slot number of character
(microtype)                `/nine.tosf'
(microtype)                in font encoding `TU' in protrusion list
(microtype)                `EBGaramond-TU'.


Package microtype Warning: Unknown slot number of character
(microtype)                `/one.lf'
(microtype)                in font encoding `TU' in protrusion list
(microtype)                `EBGaramond-TU'.


Package microtype Warning: Unknown slot number of character
(microtype)                `/two.lf'
(microtype)                in font encoding `TU' in protrusion list
(microtype)                `EBGaramond-TU'.


Package microtype Warning: Unknown slot number of character
(microtype)                `/four.lf'
(microtype)                in font encoding `TU' in protrusion list
(microtype)                `EBGaramond-TU'.


Package microtype Warning: Unknown slot number of character
(microtype)                `/seven.lf'
(microtype)                in font encoding `TU' in protrusion list
(microtype)                `EBGaramond-TU'.


Package microtype Warning: Unknown slot number of character
(microtype)                `/one.osf'
(microtype)                in font encoding `TU' in protrusion list
(microtype)                `EBGaramond-TU'.


Package microtype Warning: Unknown slot number of character
(microtype)                `/two.osf'
(microtype)                in font encoding `TU' in protrusion list
(microtype)                `EBGaramond-TU'.


Package microtype Warning: Unknown slot number of character
(microtype)                `/four.osf'
(microtype)                in font encoding `TU' in protrusion list
(microtype)                `EBGaramond-TU'.


Package microtype Warning: Unknown slot number of character
(microtype)                `/seven.osf'
(microtype)                in font encoding `TU' in protrusion list
(microtype)                `EBGaramond-TU'.

Package microtype Info: Character `₡' is missing
(microtype)             in font `\TU/EBGaramond(0)/m/n/20.19228'.
(microtype)             Ignoring protrusion settings for this character.

Package microtype Warning: Unknown slot number of character
(microtype)                `/one.tosf'
(microtype)                in font encoding `TU' in protrusion list
(microtype)                `EBGaramond-TU'.


Package microtype Warning: Unknown slot number of character
(microtype)                `/two.tosf'
(microtype)                in font encoding `TU' in protrusion list
(microtype)                `EBGaramond-TU'.


Package microtype Warning: Unknown slot number of character
(microtype)                `/three.tosf'
(microtype)                in font encoding `TU' in protrusion list
(microtype)                `EBGaramond-TU'.


Package microtype Warning: Unknown slot number of character
(microtype)                `/four.tosf'
(microtype)                in font encoding `TU' in protrusion list
(microtype)                `EBGaramond-TU'.


Package microtype Warning: Unknown slot number of character
(microtype)                `/five.tosf'
(microtype)                in font encoding `TU' in protrusion list
(microtype)                `EBGaramond-TU'.


Package microtype Warning: Unknown slot number of character
(microtype)                `/six.tosf'
(microtype)                in font encoding `TU' in protrusion list
(microtype)                `EBGaramond-TU'.


Package microtype Warning: Unknown slot number of character
(microtype)                `/seven.tosf'
(microtype)                in font encoding `TU' in protrusion list
(microtype)                `EBGaramond-TU'.


Package microtype Warning: Unknown slot number of character
(microtype)                `/eight.tosf'
(microtype)                in font encoding `TU' in protrusion list
(microtype)                `EBGaramond-TU'.


Package microtype Warning: Unknown slot number of character
(microtype)                `/nine.tosf'
(microtype)                in font encoding `TU' in protrusion list
(microtype)                `EBGaramond-TU'.


Package microtype Warning: Unknown slot number of character
(microtype)                `/one.lf'
(microtype)                in font encoding `TU' in protrusion list
(microtype)                `EBGaramond-TU'.


Package microtype Warning: Unknown slot number of character
(microtype)                `/two.lf'
(microtype)                in font encoding `TU' in protrusion list
(microtype)                `EBGaramond-TU'.


Package microtype Warning: Unknown slot number of character
(microtype)                `/four.lf'
(microtype)                in font encoding `TU' in protrusion list
(microtype)                `EBGaramond-TU'.


Package microtype Warning: Unknown slot number of character
(microtype)                `/seven.lf'
(microtype)                in font encoding `TU' in protrusion list
(microtype)                `EBGaramond-TU'.


Package microtype Warning: Unknown slot number of character
(microtype)                `/one.osf'
(microtype)                in font encoding `TU' in protrusion list
(microtype)                `EBGaramond-TU'.


Package microtype Warning: Unknown slot number of character
(microtype)                `/two.osf'
(microtype)                in font encoding `TU' in protrusion list
(microtype)                `EBGaramond-TU'.


Package microtype Warning: Unknown slot number of character
(microtype)                `/four.osf'
(microtype)                in font encoding `TU' in protrusion list
(microtype)                `EBGaramond-TU'.


Package microtype Warning: Unknown slot number of character
(microtype)                `/seven.osf'
(microtype)                in font encoding `TU' in protrusion list
(microtype)                `EBGaramond-TU'.

Package microtype Info: Character `₡' is missing
(microtype)             in font `\TU/EBGaramond(0)/m/n/29.09541'.
(microtype)             Ignoring protrusion settings for this character.
Package lettrine.sty Info: Targeted height = 20.19228pt
(lettrine.sty)             (for loversize=0, accent excluded),
(lettrine.sty)             Lettrine height = 18.9993pt (L);
(lettrine.sty)             reported on input line 3.

Underfull \vbox (badness 10000) has occurred while \output is active []

 [1



]
Underfull \vbox (badness 10000) has occurred while \output is active []

 [2]
Underfull \vbox (badness 10000) has occurred while \output is active []

 [3]
Underfull \vbox (badness 10000) has occurred while \output is active []

 [4]
Underfull \vbox (badness 10000) has occurred while \output is active []

 [5]
[6]
Capítulo II.
Package lettrine.sty Info: Targeted height = 20.19228pt
(lettrine.sty)             (for loversize=0, accent excluded),
(lettrine.sty)             Lettrine height = 18.9993pt (L);
(lettrine.sty)             reported on input line 100.

Underfull \vbox (badness 10000) has occurred while \output is active []

 [7


]
Overfull \hbox (10.09949pt too wide) in paragraph at lines 109--110
[]\TU/EBGaramond(0)/m/n/10.95 —Excelente —dijo cuando Vidal terminó—. Impecable
. Ahora, cuan-
 []


Underfull \vbox (badness 10000) has occurred while \output is active []

 [8]
Underfull \vbox (badness 10000) has occurred while \output is active []

 [9]
Underfull \vbox (badness 10000) has occurred while \output is active []

 [10]
Underfull \vbox (badness 10000) has occurred while \output is active []

 [11]
[12]
Capítulo III.
Package lettrine.sty Info: Targeted height = 20.19228pt
(lettrine.sty)             (for loversize=0, accent excluded),
(lettrine.sty)             Lettrine height = 18.9993pt (E);
(lettrine.sty)             reported on input line 209.

Underfull \vbox (badness 10000) has occurred while \output is active []

 [13


]
Underfull \vbox (badness 10000) has occurred while \output is active []

 [14]
Underfull \vbox (badness 10000) has occurred while \output is active []

 [15]
Underfull \vbox (badness 10000) has occurred while \output is active []

 [16]
Underfull \vbox (badness 10000) has occurred while \output is active []

 [17]
[18]
Capítulo IV.
Package lettrine.sty Info: Targeted height = 20.19228pt
(lettrine.sty)             (for loversize=0, accent excluded),
(lettrine.sty)             Lettrine height = 19.11569pt (B);
(lettrine.sty)             reported on input line 276.

Underfull \vbox (badness 10000) has occurred while \output is active []

 [19


]
Underfull \vbox (badness 10000) has occurred while \output is active []

 [20]
Underfull \vbox (badness 10000) has occurred while \output is active []

 [21]
Underfull \vbox (badness 10000) has occurred while \output is active []

 [22]
Underfull \vbox (badness 10000) has occurred while \output is active []

 [23]
[24]
Capítulo V.
Package lettrine.sty Info: Targeted height = 20.19228pt
(lettrine.sty)             (for loversize=0, accent excluded),
(lettrine.sty)             Lettrine height = 18.9993pt (L);
(lettrine.sty)             reported on input line 357.

Underfull \vbox (badness 10000) has occurred while \output is active []

 [25


]
Underfull \vbox (badness 10000) has occurred while \output is active []

 [26]
Underfull \vbox (badness 10000) has occurred while \output is active []

 [27]
Underfull \vbox (badness 10000) has occurred while \output is active []

 [28]
Underfull \vbox (badness 10000) has occurred while \output is active []

 [29]
Overfull \hbox (5.22314pt too wide) in paragraph at lines 410--411
\TU/EBGaramond(0)/m/n/10.95 viernes seguía en blanco, 14:00 a 20:00. Probó “rec
onocimiento urbano”:
 []

[30]
Capítulo VI.
Package lettrine.sty Info: Targeted height = 20.19228pt
(lettrine.sty)             (for loversize=0, accent excluded),
(lettrine.sty)             Lettrine height = 18.9993pt (L);
(lettrine.sty)             reported on input line 420.

Underfull \vbox (badness 10000) has occurred while \output is active []

 [31


]
Underfull \vbox (badness 10000) has occurred while \output is active []

 [32]
Underfull \vbox (badness 10000) has occurred while \output is active []

 [33]
Underfull \vbox (badness 10000) has occurred while \output is active []

 [34]
Underfull \vbox (badness 10000) has occurred while \output is active []

 [35]
[36]
Capítulo VII.
Package lettrine.sty Info: Targeted height = 20.19228pt
(lettrine.sty)             (for loversize=0, accent excluded),
(lettrine.sty)             Lettrine height = 18.9993pt (L);
(lettrine.sty)             reported on input line 491.

Underfull \vbox (badness 10000) has occurred while \output is active []

 [37


]
Overfull \hbox (9.271pt too wide) in paragraph at lines 510--511
[]\TU/EBGaramond(0)/m/n/10.95 —Agradézcame la tinta roja, que es donde está el 
trabajo. —Se sentó—
 []


Underfull \vbox (badness 10000) has occurred while \output is active []

 [38]
Overfull \hbox (1.44174pt too wide) in paragraph at lines 530--531
[]\TU/EBGaramond(0)/m/n/10.95 —Eso responde a la crítica técnica. Yo le pregunt
é el costo. —Ferrero
 []


Underfull \vbox (badness 10000) has occurred while \output is active []

 [39]
Overfull \hbox (1.09795pt too wide) in paragraph at lines 538--539
\TU/EBGaramond(0)/m/n/10.95 sar. —Ferrero se sirvió más café. A Vidal le rellen
ó la taza sin preguntar—
 []


Underfull \vbox (badness 10000) has occurred while \output is active []

 [40]
Underfull \vbox (badness 10000) has occurred while \output is active []

 [41]
Underfull \vbox (badness 10000) has occurred while \output is active []

 [42]
[43]
Capítulo VIII.
Package lettrine.sty Info: Targeted height = 20.19228pt
(lettrine.sty)             (for loversize=0, accent excluded),
(lettrine.sty)             Lettrine height = 18.9993pt (L);
(lettrine.sty)             reported on input line 594.

Underfull \vbox (badness 10000) has occurred while \output is active []

 [44


]
Underfull \vbox (badness 10000) has occurred while \output is active []

 [45]
Underfull \vbox (badness 10000) has occurred while \output is active []

 [46]
Underfull \vbox (badness 10000) has occurred while \output is active []

 [47]
Underfull \vbox (badness 10000) has occurred while \output is active []

 [48]
[49]
Capítulo IX.
Package lettrine.sty Info: Targeted height = 20.19228pt
(lettrine.sty)             (for loversize=0, accent excluded),
(lettrine.sty)             Lettrine height = 18.9993pt (E);
(lettrine.sty)             reported on input line 671.

Underfull \vbox (badness 10000) has occurred while \output is active []

 [50


]
Overfull \hbox (0.4453pt too wide) in paragraph at lines 694--695
[]\TU/EBGaramond(0)/m/n/10.95 —Usted acaba de decir ese nombre. Yo no. Le agrad
ecería que, cuan-
 []


Underfull \vbox (badness 10000) has occurred while \output is active []

 [51]
Underfull \vbox (badness 10000) has occurred while \output is active []

 [52]
Underfull \vbox (badness 10000) has occurred while \output is active []

 [53]
Underfull \vbox (badness 10000) has occurred while \output is active []

 [54]
[55]
Capítulo X.
Package lettrine.sty Info: Targeted height = 20.19228pt
(lettrine.sty)             (for loversize=0, accent excluded),
(lettrine.sty)             Lettrine height = 18.9993pt (L);
(lettrine.sty)             reported on input line 780.

Underfull \vbox (badness 10000) has occurred while \output is active []

 [56


]
Underfull \vbox (badness 10000) has occurred while \output is active []

 [57]
Underfull \vbox (badness 10000) has occurred while \output is active []

 [58]
Underfull \vbox (badness 10000) has occurred while \output is active []

 [59]
Underfull \vbox (badness 10000) has occurred while \output is active []

 [60]
[61]
Capítulo XI.
Package lettrine.sty Info: Targeted height = 20.19228pt
(lettrine.sty)             (for loversize=0, accent excluded),
(lettrine.sty)             Lettrine height = 19.0866pt (M);
(lettrine.sty)             reported on input line 874.

Overfull \hbox (0.83551pt too wide) in paragraph at lines 874--875
\TU/EBGaramond(0)/m/n/10.95 Ansermet no había exagerado— cuando volvieron a sen
tarse fren-
 []


Underfull \vbox (badness 10000) has occurred while \output is active []

 [62


]
Underfull \vbox (badness 10000) has occurred while \output is active []

 [63]
Overfull \hbox (10.01196pt too wide) in paragraph at lines 907--908
[]\TU/EBGaramond(0)/m/n/10.95 —Carezco de elementos para decirle cuál de las do
s —dijo Ansermet—
 []


Underfull \vbox (badness 10000) has occurred while \output is active []

 [64]
Underfull \vbox (badness 10000) has occurred while \output is active []

 [65]
Underfull \vbox (badness 10000) has occurred while \output is active []

 [66]
[67]
Capítulo XII.
Package lettrine.sty Info: Targeted height = 20.19228pt
(lettrine.sty)             (for loversize=0, accent excluded),
(lettrine.sty)             Lettrine height = 19.95946pt (A);
(lettrine.sty)             reported on input line 969.

Underfull \vbox (badness 10000) has occurred while \output is active []

 [68


]
Overfull \hbox (4.20477pt too wide) in paragraph at lines 978--979
[]\TU/EBGaramond(0)/m/n/10.95 —Acelerómetro instalado bajo la mesa desde el lun
es —dijo Ledda—
 []


Overfull \hbox (0.37596pt too wide) in paragraph at lines 990--991
[]\TU/EBGaramond(0)/m/n/10.95 —Ya sé. —Miró el banco hiperespectral, después el
 escáner de mano
 []


Underfull \vbox (badness 10000) has occurred while \output is active []

 [69]
Underfull \vbox (badness 10000) has occurred while \output is active []

 [70]
Underfull \vbox (badness 10000) has occurred while \output is active []

 [71]
Underfull \vbox (badness 10000) has occurred while \output is active []

 [72]
Underfull \vbox (badness 10000) has occurred while \output is active []

 [73]
[74]
Capítulo XIII.
Package lettrine.sty Info: Targeted height = 20.19228pt
(lettrine.sty)             (for loversize=0, accent excluded),
(lettrine.sty)             Lettrine height = 18.9993pt (E);
(lettrine.sty)             reported on input line 1072.

Underfull \vbox (badness 10000) has occurred while \output is active []

 [75


]
Underfull \vbox (badness 10000) has occurred while \output is active []

 [76]
Underfull \vbox (badness 10000) has occurred while \output is active []

 [77]
Underfull \vbox (badness 10000) has occurred while \output is active []

 [78]
Underfull \vbox (badness 10000) has occurred while \output is active []

 [79]
Overfull \hbox (5.47864pt too wide) in paragraph at lines 1193--1194
[]\TU/EBGaramond(0)/m/n/10.95 —Llegás. —Sacó el teléfono, lo prendió, esperó la
 señal—. Vos apren-
 []


Underfull \vbox (badness 10000) has occurred while \output is active []

 [80]
Underfull \vbox (badness 10000) has occurred while \output is active []

 [81]
[82]
Capítulo XIV.
Package lettrine.sty Info: Targeted height = 20.19228pt
(lettrine.sty)             (for loversize=0, accent excluded),
(lettrine.sty)             Lettrine height = 18.9993pt (L);
(lettrine.sty)             reported on input line 1211.

Underfull \vbox (badness 10000) has occurred while \output is active []

 [83


]
Overfull \hbox (0.15332pt too wide) in paragraph at lines 1234--1235
[]\TU/EBGaramond(0)/m/n/10.95 —Tubo de transporte idéntico al de ingreso, misma
 rotulación, mis-
 []


Underfull \vbox (badness 10000) has occurred while \output is active []

 [84]
Overfull \hbox (2.48561pt too wide) in paragraph at lines 1260--1261
[]\TU/EBGaramond(0)/m/n/10.95 Vidal lo escribió. Después dividió mentalmente: u
n margen del vein-
 []


Underfull \vbox (badness 10000) has occurred while \output is active []

 [85]
Overfull \hbox (12.7458pt too wide) in paragraph at lines 1288--1289
[]\TU/EBGaramond(0)/m/n/10.95 —Esas son del proyecto de la teca —dijo Ledda, si
n que él preguntara—
 []


Underfull \vbox (badness 10000) has occurred while \output is active []

 [86]
Underfull \vbox (badness 10000) has occurred while \output is active []

 [87]
Overfull \hbox (6.09186pt too wide) in paragraph at lines 1310--1311
[]\TU/EBGaramond(0)/m/n/10.95 —El expediente de la ventana de acceso. Las cator
ce pestañas. ¿Quién
 []


Underfull \vbox (badness 10000) has occurred while \output is active []

 [88]
Underfull \vbox (badness 10000) has occurred while \output is active []

 [89]
[90]
Capítulo XV.
Package lettrine.sty Info: Targeted height = 20.19228pt
(lettrine.sty)             (for loversize=0, accent excluded),
(lettrine.sty)             Lettrine height = 18.9993pt (L);
(lettrine.sty)             reported on input line 1386.

Underfull \vbox (badness 10000) has occurred while \output is active []

 [91


]
Overfull \hbox (4.51506pt too wide) in paragraph at lines 1399--1400
[]\TU/EBGaramond(0)/m/n/10.95 —Cuatrocientas ochenta y dos en el parche grande 
de arriba —dijo—
 []


Underfull \vbox (badness 10000) has occurred while \output is active []

 [92]
Underfull \vbox (badness 10000) has occurred while \output is active []

 [93]
Overfull \hbox (20.95465pt too wide) in paragraph at lines 1441--1442
[]\TU/EBGaramond(0)/m/n/10.95 —El respaldo —dijo Chiara, mirando la hoja por en
cima de su hombro—
 []


Underfull \vbox (badness 10000) has occurred while \output is active []

 [94]
Overfull \hbox (4.93112pt too wide) in paragraph at lines 1483--1484
[]\TU/EBGaramond(0)/m/n/10.95 —Le fue bien al laboratorio. —Ferrero se tocó la 
muñeca izquierda—
 []


Underfull \vbox (badness 10000) has occurred while \output is active []

 [95]
[96]
Capítulo XVI.
Package lettrine.sty Info: Targeted height = 20.19228pt
(lettrine.sty)             (for loversize=0, accent excluded),
(lettrine.sty)             Lettrine height = 18.9993pt (E);
(lettrine.sty)             reported on input line 1523.

Underfull \vbox (badness 10000) has occurred while \output is active []

 [97


]
Underfull \vbox (badness 10000) has occurred while \output is active []

 [98]
Overfull \hbox (1.3213pt too wide) in paragraph at lines 1562--1563
\TU/EBGaramond(0)/m/n/10.95 biado. Es exactamente lo mismo que confiar sin meca
nismo, con el signo
 []


Underfull \vbox (badness 10000) has occurred while \output is active []

 [99]
Underfull \vbox (badness 10000) has occurred while \output is active []

 [100]
Underfull \vbox (badness 10000) has occurred while \output is active []

 [101]
[102]
Capítulo XVII.
Package lettrine.sty Info: Targeted height = 20.19228pt
(lettrine.sty)             (for loversize=0, accent excluded),
(lettrine.sty)             Lettrine height = 18.9993pt (E);
(lettrine.sty)             reported on input line 1624.

Underfull \vbox (badness 10000) has occurred while \output is active []

 [103


]
Underfull \vbox (badness 10000) has occurred while \output is active []

 [104]
Overfull \hbox (7.70517pt too wide) in paragraph at lines 1679--1680
[]\TU/EBGaramond(0)/m/n/10.95 —La certificación —dijo Ferrero, y se limpió la b
oca con la servilleta—
 []


Underfull \vbox (badness 10000) has occurred while \output is active []

 [105]
Underfull \vbox (badness 10000) has occurred while \output is active []

 [106]
Underfull \vbox (badness 10000) has occurred while \output is active []

 [107]
[108]
Capítulo XVIII.
Package lettrine.sty Info: Targeted height = 20.19228pt
(lettrine.sty)             (for loversize=0, accent excluded),
(lettrine.sty)             Lettrine height = 18.9993pt (E);
(lettrine.sty)             reported on input line 1757.

Underfull \vbox (badness 10000) has occurred while \output is active []

 [109


]
Underfull \vbox (badness 10000) has occurred while \output is active []

 [110]
Underfull \vbox (badness 10000) has occurred while \output is active []

 [111]
Underfull \vbox (badness 10000) has occurred while \output is active []

 [112]
Underfull \vbox (badness 10000) has occurred while \output is active []

 [113]
[114]
Capítulo XIX.
Package lettrine.sty Info: Targeted height = 20.19228pt
(lettrine.sty)             (for loversize=0, accent excluded),
(lettrine.sty)             Lettrine height = 18.9993pt (L);
(lettrine.sty)             reported on input line 1866.

Underfull \vbox (badness 10000) has occurred while \output is active []

 [115


]
Overfull \hbox (2.96744pt too wide) in paragraph at lines 1879--1880
[]\TU/EBGaramond(0)/m/n/10.95 —Ventana —dijo Ledda, y apretó el cronómetro. Mec
ánico, de cuer-
 []


Overfull \hbox (1.6571pt too wide) in paragraph at lines 1883--1884
[]\TU/EBGaramond(0)/m/n/10.95 —Treinta y tres quince —dijo Ledda cuando la caja
 quedó cerrada—
 []


Underfull \vbox (badness 10000) has occurred while \output is active []

 [116]
Underfull \vbox (badness 10000) has occurred while \output is active []

 [117]
Underfull \vbox (badness 10000) has occurred while \output is active []

 [118]
Underfull \vbox (badness 10000) has occurred while \output is active []

 [119]
[120]
Capítulo XX.
Package lettrine.sty Info: Targeted height = 20.19228pt
(lettrine.sty)             (for loversize=0, accent excluded),
(lettrine.sty)             Lettrine height = 19.31935pt (O);
(lettrine.sty)             reported on input line 1961.

Underfull \vbox (badness 10000) has occurred while \output is active []

 [121


]
Overfull \hbox (0.29565pt too wide) in paragraph at lines 1980--1981
[]\TU/EBGaramond(0)/m/n/10.95 —Yo sirvo —dijo Sandoz, y se sentó. El mimbre cru
jió con su peso—
 []


Underfull \vbox (badness 10000) has occurred while \output is active []

 [122]
Overfull \hbox (9.77837pt too wide) in paragraph at lines 1998--1999
[]\TU/EBGaramond(0)/m/n/10.95 —Tuvo la circulación que tienen las frases verdad
eras —dijo Sandoz—
 []


Underfull \vbox (badness 10000) has occurred while \output is active []

 [123]
Underfull \vbox (badness 10000) has occurred while \output is active []

 [124]
Underfull \vbox (badness 10000) has occurred while \output is active []

 [125]
Underfull \vbox (badness 10000) has occurred while \output is active []

 [126]
[127]
Capítulo XXI.
Package lettrine.sty Info: Targeted height = 20.19228pt
(lettrine.sty)             (for loversize=0, accent excluded),
(lettrine.sty)             Lettrine height = 18.9993pt (E);
(lettrine.sty)             reported on input line 2068.

Underfull \vbox (badness 10000) has occurred while \output is active []

 [128


]
Underfull \vbox (badness 10000) has occurred while \output is active []

 [129]
Underfull \vbox (badness 10000) has occurred while \output is active []

 [130]
Overfull \hbox (2.96742pt too wide) in paragraph at lines 2133--2134
[]\TU/EBGaramond(0)/m/n/10.95 La tarde fue una serie. Verificación, latencia, c
olumnas, margen. Tres
 []


Underfull \vbox (badness 10000) has occurred while \output is active []

 [131]
Underfull \vbox (badness 10000) has occurred while \output is active []

 [132]
[133]
Capítulo XXII.
Package lettrine.sty Info: Targeted height = 20.19228pt
(lettrine.sty)             (for loversize=0, accent excluded),
(lettrine.sty)             Lettrine height = 18.9993pt (E);
(lettrine.sty)             reported on input line 2157.

Overfull \hbox (2.00385pt too wide) in paragraph at lines 2162--2163
[]\TU/EBGaramond(0)/m/n/10.95 Plástico rígido, foto de tres meses atrás, banda 
magnética. AMBIEN-
 []


Underfull \vbox (badness 10000) has occurred while \output is active []

 [134


]
Underfull \vbox (badness 10000) has occurred while \output is active []

 [135]
Underfull \vbox (badness 10000) has occurred while \output is active []

 [136]
Underfull \vbox (badness 10000) has occurred while \output is active []

 [137]
Underfull \vbox (badness 10000) has occurred while \output is active []

 [138]
[139]
Capítulo XXIII.
Package lettrine.sty Info: Targeted height = 20.19228pt
(lettrine.sty)             (for loversize=0, accent excluded),
(lettrine.sty)             Lettrine height = 19.95946pt (A);
(lettrine.sty)             reported on input line 2276.

Underfull \vbox (badness 10000) has occurred while \output is active []

 [140


]
Underfull \vbox (badness 10000) has occurred while \output is active []

 [141]
Overfull \hbox (5.22314pt too wide) in paragraph at lines 2315--2316
[]\TU/EBGaramond(0)/m/n/10.95 —Casi. —La asistente corrigió con dos dedos, un m
ilímetro—. Coin-
 []


Underfull \vbox (badness 10000) has occurred while \output is active []

 [142]
Underfull \vbox (badness 10000) has occurred while \output is active []

 [143]
Underfull \vbox (badness 10000) has occurred while \output is active []

 [144]
Underfull \vbox (badness 10000) has occurred while \output is active []

 [145]
Overfull \hbox (4.81798pt too wide) in paragraph at lines 2379--2380
[]\TU/EBGaramond(0)/m/n/10.95 Después buscó la columna. Tenía el catálogo enter
o disponible: even-
 []

[146]
Capítulo XXIV.
Package lettrine.sty Info: Targeted height = 20.19228pt
(lettrine.sty)             (for loversize=0, accent excluded),
(lettrine.sty)             Lettrine height = 18.9993pt (E);
(lettrine.sty)             reported on input line 2387.

Underfull \vbox (badness 10000) has occurred while \output is active []

 [147


]
Underfull \vbox (badness 10000) has occurred while \output is active []

 [148]
Underfull \vbox (badness 10000) has occurred while \output is active []

 [149]
Underfull \vbox (badness 10000) has occurred while \output is active []

 [150]
Underfull \vbox (badness 10000) has occurred while \output is active []

 [151]
[152]
Capítulo XXV.
Package lettrine.sty Info: Targeted height = 20.19228pt
(lettrine.sty)             (for loversize=0, accent excluded),
(lettrine.sty)             Lettrine height = 19.17387pt (D);
(lettrine.sty)             reported on input line 2464.

Underfull \vbox (badness 10000) has occurred while \output is active []

 [153


]
Overfull \hbox (6.8576pt too wide) in paragraph at lines 2489--2490
[]\TU/EBGaramond(0)/m/n/10.95 —A ojo, no. Con lupa, sabiendo dónde mirar, quizá
s. —Se corrigió—
 []


Underfull \vbox (badness 10000) has occurred while \output is active []

 [154]
Underfull \vbox (badness 10000) has occurred while \output is active []

 [155]
Underfull \vbox (badness 10000) has occurred while \output is active []

 [156]
Underfull \vbox (badness 10000) has occurred while \output is active []

 [157]
[158]
Capítulo XXVI.
Package lettrine.sty Info: Targeted height = 20.19228pt
(lettrine.sty)             (for loversize=0, accent excluded),
(lettrine.sty)             Lettrine height = 18.9993pt (L);
(lettrine.sty)             reported on input line 2579.

Underfull \vbox (badness 10000) has occurred while \output is active []

 [159


]
Underfull \vbox (badness 10000) has occurred while \output is active []

 [160]
Underfull \vbox (badness 10000) has occurred while \output is active []

 [161]
Overfull \hbox (20.86703pt too wide) in paragraph at lines 2618--2619
\TU/EBGaramond(0)/m/n/10.95 riante ácida —concentraciones, tiempos, el perfil d
e fluorescencia esperado—
 []


Underfull \vbox (badness 10000) has occurred while \output is active []

 [162]
Underfull \vbox (badness 10000) has occurred while \output is active []

 [163]
[164]
Capítulo XXVII.
Package lettrine.sty Info: Targeted height = 20.19228pt
(lettrine.sty)             (for loversize=0, accent excluded),
(lettrine.sty)             Lettrine height = 19.17387pt (D);
(lettrine.sty)             reported on input line 2666.

Underfull \vbox (badness 10000) has occurred while \output is active []

 [165


]
Underfull \vbox (badness 10000) has occurred while \output is active []

 [166]
Underfull \vbox (badness 10000) has occurred while \output is active []

 [167]
Underfull \vbox (badness 10000) has occurred while \output is active []

 [168]
[169]
Capítulo XXVIII.
Package lettrine.sty Info: Targeted height = 20.19228pt
(lettrine.sty)             (for loversize=0, accent excluded),
(lettrine.sty)             Lettrine height = 19.17387pt (D);
(lettrine.sty)             reported on input line 2709.

Underfull \vbox (badness 10000) has occurred while \output is active []

 [170


]
Underfull \vbox (badness 10000) has occurred while \output is active []

 [171]
Underfull \vbox (badness 10000) has occurred while \output is active []

 [172]
Overfull \hbox (6.6576pt too wide) in paragraph at lines 2770--2771
[]\TU/EBGaramond(0)/m/n/10.95 —Se apoyaba sobre el original. —Terminó una vuelt
a, empezó otra—
 []


Underfull \vbox (badness 10000) has occurred while \output is active []

 [173]
Underfull \vbox (badness 10000) has occurred while \output is active []

 [174]
Underfull \vbox (badness 10000) has occurred while \output is active []

 [175]
[176]
Capítulo XXIX.
Package lettrine.sty Info: Targeted height = 20.19228pt
(lettrine.sty)             (for loversize=0, accent excluded),
(lettrine.sty)             Lettrine height = 18.9993pt (E);
(lettrine.sty)             reported on input line 2820.

Underfull \vbox (badness 10000) has occurred while \output is active []

 [177


]
Overfull \hbox (4.31427pt too wide) in paragraph at lines 2841--2842
[]\TU/EBGaramond(0)/m/n/10.95 El caudalímetro hizo clic. Otro clic, dieciséis s
egundos después. Vidal
 []


Underfull \vbox (badness 10000) has occurred while \output is active []

 [178]
Underfull \vbox (badness 10000) has occurred while \output is active []

 [179]
Underfull \vbox (badness 10000) has occurred while \output is active []

 [180]
Underfull \vbox (badness 10000) has occurred while \output is active []

 [181]
[182]
Capítulo XXX.
Package lettrine.sty Info: Targeted height = 20.19228pt
(lettrine.sty)             (for loversize=0, accent excluded),
(lettrine.sty)             Lettrine height = 19.95946pt (A);
(lettrine.sty)             reported on input line 2923.

Underfull \vbox (badness 10000) has occurred while \output is active []

 [183


]
Underfull \vbox (badness 10000) has occurred while \output is active []

 [184]
Underfull \vbox (badness 10000) has occurred while \output is active []

 [185]
Underfull \vbox (badness 10000) has occurred while \output is active []

 [186]
Underfull \vbox (badness 10000) has occurred while \output is active []

 [187]
[188]
Capítulo XXXI.
Package lettrine.sty Info: Targeted height = 20.19228pt
(lettrine.sty)             (for loversize=0, accent excluded),
(lettrine.sty)             Lettrine height = 18.9993pt (E);
(lettrine.sty)             reported on input line 3026.

Underfull \vbox (badness 10000) has occurred while \output is active []

 [189


]
Underfull \vbox (badness 10000) has occurred while \output is active []

 [190]
Underfull \vbox (badness 10000) has occurred while \output is active []

 [191]
Underfull \vbox (badness 10000) has occurred while \output is active []

 [192]
Underfull \vbox (badness 10000) has occurred while \output is active []

 [193]
[194]
Capítulo XXXII.
Package lettrine.sty Info: Targeted height = 20.19228pt
(lettrine.sty)             (for loversize=0, accent excluded),
(lettrine.sty)             Lettrine height = 18.9993pt (L);
(lettrine.sty)             reported on input line 3119.

Underfull \vbox (badness 10000) has occurred while \output is active []

 [195


]
Underfull \vbox (badness 10000) has occurred while \output is active []

 [196]
Underfull \vbox (badness 10000) has occurred while \output is active []

 [197]
Overfull \hbox (12.45378pt too wide) in paragraph at lines 3150--3151
\TU/EBGaramond(0)/m/n/10.95 guantes, dedo por dedo, como quien gana tiempo con 
un procedimiento—
 []


Underfull \vbox (badness 10000) has occurred while \output is active []

 [198]
Underfull \vbox (badness 10000) has occurred while \output is active []

 [199]
Underfull \vbox (badness 10000) has occurred while \output is active []

 [200]
[201]
Capítulo XXXIII.
Package lettrine.sty Info: Targeted height = 20.19228pt
(lettrine.sty)             (for loversize=0, accent excluded),
(lettrine.sty)             Lettrine height = 18.9993pt (L);
(lettrine.sty)             reported on input line 3204.

Underfull \vbox (badness 10000) has occurred while \output is active []

 [202


]
Underfull \vbox (badness 10000) has occurred while \output is active []

 [203]
Underfull \vbox (badness 10000) has occurred while \output is active []

 [204]
Underfull \vbox (badness 10000) has occurred while \output is active []

 [205]
Underfull \vbox (badness 10000) has occurred while \output is active []

 [206]
[207]
Capítulo XXXIV.
Package lettrine.sty Info: Targeted height = 20.19228pt
(lettrine.sty)             (for loversize=0, accent excluded),
(lettrine.sty)             Lettrine height = 18.9993pt (E);
(lettrine.sty)             reported on input line 3273.

Underfull \vbox (badness 10000) has occurred while \output is active []

 [208


]
Underfull \vbox (badness 10000) has occurred while \output is active []

 [209]
Underfull \vbox (badness 10000) has occurred while \output is active []

 [210]
Underfull \vbox (badness 10000) has occurred while \output is active []

 [211]
Underfull \vbox (badness 10000) has occurred while \output is active []

 [212]
[213]
Capítulo XXXV.
Package lettrine.sty Info: Targeted height = 20.19228pt
(lettrine.sty)             (for loversize=0, accent excluded),
(lettrine.sty)             Lettrine height = 18.9993pt (L);
(lettrine.sty)             reported on input line 3362.

Underfull \vbox (badness 10000) has occurred while \output is active []

 [214


]
Underfull \vbox (badness 10000) has occurred while \output is active []

 [215]
Overfull \hbox (2.21922pt too wide) in paragraph at lines 3397--3398
\TU/EBGaramond(0)/m/n/10.95 cuadriculado de tapas de cartón naranja que había c
omprado en el quios-
 []


Underfull \vbox (badness 10000) has occurred while \output is active []

 [216]
Underfull \vbox (badness 10000) has occurred while \output is active []

 [217]
Underfull \vbox (badness 10000) has occurred while \output is active []

 [218]
Underfull \vbox (badness 10000) has occurred while \output is active []

 [219]
[220]
Capítulo XXXVI.
Package lettrine.sty Info: Targeted height = 20.19228pt
(lettrine.sty)             (for loversize=0, accent excluded),
(lettrine.sty)             Lettrine height = 19.95946pt (A);
(lettrine.sty)             reported on input line 3475.

Underfull \vbox (badness 10000) has occurred while \output is active []

 [221


]
Underfull \vbox (badness 10000) has occurred while \output is active []

 [222]
Underfull \vbox (badness 10000) has occurred while \output is active []

 [223]
Underfull \vbox (badness 10000) has occurred while \output is active []

 [224]
Underfull \vbox (badness 10000) has occurred while \output is active []

 [225]
[226]
Capítulo XXXVII.
Package lettrine.sty Info: Targeted height = 20.19228pt
(lettrine.sty)             (for loversize=0, accent excluded),
(lettrine.sty)             Lettrine height = 7.41933pt (-);
(lettrine.sty)             reported on input line 3574.

Underfull \vbox (badness 10000) has occurred while \output is active []

 [227


]
Underfull \vbox (badness 10000) has occurred while \output is active []

 [228]
Underfull \vbox (badness 10000) has occurred while \output is active []

 [229]
Underfull \vbox (badness 10000) has occurred while \output is active []

 [230]
Underfull \vbox (badness 10000) has occurred while \output is active []

 [231]
[232]
Capítulo XXXVIII.
Package lettrine.sty Info: Targeted height = 20.19228pt
(lettrine.sty)             (for loversize=0, accent excluded),
(lettrine.sty)             Lettrine height = 18.9993pt (L);
(lettrine.sty)             reported on input line 3681.

Underfull \vbox (badness 10000) has occurred while \output is active []

 [233


]
Underfull \vbox (badness 10000) has occurred while \output is active []

 [234]
Underfull \vbox (badness 10000) has occurred while \output is active []

 [235]
Underfull \vbox (badness 10000) has occurred while \output is active []

 [236]
Underfull \vbox (badness 10000) has occurred while \output is active []

 [237]
[238]
Capítulo XXXIX.
Package lettrine.sty Info: Targeted height = 20.19228pt
(lettrine.sty)             (for loversize=0, accent excluded),
(lettrine.sty)             Lettrine height = 18.9993pt (L);
(lettrine.sty)             reported on input line 3780.

Underfull \vbox (badness 10000) has occurred while \output is active []

 [239


]
Underfull \vbox (badness 10000) has occurred while \output is active []

 [240]
Underfull \vbox (badness 10000) has occurred while \output is active []

 [241]
Underfull \vbox (badness 10000) has occurred while \output is active []

 [242]
Underfull \vbox (badness 10000) has occurred while \output is active []

 [243]
[244]
Capítulo XL.
Package lettrine.sty Info: Targeted height = 20.19228pt
(lettrine.sty)             (for loversize=0, accent excluded),
(lettrine.sty)             Lettrine height = 19.26117pt (Q);
(lettrine.sty)             reported on input line 3881.

Underfull \vbox (badness 10000) has occurred while \output is active []

 [245


]
Underfull \vbox (badness 10000) has occurred while \output is active []

 [246]
Underfull \vbox (badness 10000) has occurred while \output is active []

 [247]
Underfull \vbox (badness 10000) has occurred while \output is active []

 [248]
Underfull \vbox (badness 10000) has occurred while \output is active []

 [249]
Underfull \vbox (badness 10000) has occurred while \output is active []

 [250]
[251]
Capítulo XLI.
Package lettrine.sty Info: Targeted height = 20.19228pt
(lettrine.sty)             (for loversize=0, accent excluded),
(lettrine.sty)             Lettrine height = 18.9993pt (E);
(lettrine.sty)             reported on input line 4008.

Underfull \vbox (badness 10000) has occurred while \output is active []

 [252


]
Underfull \vbox (badness 10000) has occurred while \output is active []

 [253]
Underfull \vbox (badness 10000) has occurred while \output is active []

 [254]
Underfull \vbox (badness 10000) has occurred while \output is active []

 [255]
Underfull \vbox (badness 10000) has occurred while \output is active []

 [256]
[257]
Capítulo XLII.
Package lettrine.sty Info: Targeted height = 20.19228pt
(lettrine.sty)             (for loversize=0, accent excluded),
(lettrine.sty)             Lettrine height = 18.9993pt (E);
(lettrine.sty)             reported on input line 4069.

Underfull \vbox (badness 10000) has occurred while \output is active []

 [258


]
Overfull \hbox (12.5414pt too wide) in paragraph at lines 4092--4093
\TU/EBGaramond(0)/m/n/10.95 qué tenía en la mesa. —Se sentó, despacio, administ
rando el movimiento—
 []


Underfull \vbox (badness 10000) has occurred while \output is active []

 [259]
Overfull \hbox (4.71576pt too wide) in paragraph at lines 4108--4109
[]\TU/EBGaramond(0)/m/n/10.95 —Los motivos —dijo—. Usted comprometió los motivo
s para cuan-
 []


Underfull \vbox (badness 10000) has occurred while \output is active []

 [260]
Underfull \vbox (badness 10000) has occurred while \output is active []

 [261]
Underfull \vbox (badness 10000) has occurred while \output is active []

 [262]
[263]
Capítulo XLIII.
Package lettrine.sty Info: Targeted height = 20.19228pt
(lettrine.sty)             (for loversize=0, accent excluded),
(lettrine.sty)             Lettrine height = 18.9993pt (L);
(lettrine.sty)             reported on input line 4162.

Underfull \vbox (badness 10000) has occurred while \output is active []

 [264


]
Underfull \vbox (badness 10000) has occurred while \output is active []

 [265]
Underfull \vbox (badness 10000) has occurred while \output is active []

 [266]
Underfull \vbox (badness 10000) has occurred while \output is active []

 [267]
Overfull \hbox (0.85774pt too wide) in paragraph at lines 4235--4236
[]\TU/EBGaramond(0)/m/n/10.95 —Si alguna vez necesita una operación limpia, no 
me llame —dijo—
 []


Underfull \vbox (badness 10000) has occurred while \output is active []

 [268]
[269]
Capítulo XLIV.
Package lettrine.sty Info: Targeted height = 20.19228pt
(lettrine.sty)             (for loversize=0, accent excluded),
(lettrine.sty)             Lettrine height = 18.9993pt (L);
(lettrine.sty)             reported on input line 4267.

Underfull \vbox (badness 10000) has occurred while \output is active []

 [270


]
Underfull \vbox (badness 10000) has occurred while \output is active []

 [271]
Underfull \vbox (badness 10000) has occurred while \output is active []

 [272]
Underfull \vbox (badness 10000) has occurred while \output is active []

 [273]
[274]
Capítulo XLV.
Package lettrine.sty Info: Targeted height = 20.19228pt
(lettrine.sty)             (for loversize=0, accent excluded),
(lettrine.sty)             Lettrine height = 18.9993pt (L);
(lettrine.sty)             reported on input line 4358.

Underfull \vbox (badness 10000) has occurred while \output is active []

 [275


]
Underfull \vbox (badness 10000) has occurred while \output is active []

 [276]
Underfull \vbox (badness 10000) has occurred while \output is active []

 [277]
Underfull \vbox (badness 10000) has occurred while \output is active []

 [278]
Underfull \vbox (badness 10000) has occurred while \output is active []

 [279]
[280]
Capítulo XLVI.
Package lettrine.sty Info: Targeted height = 20.19228pt
(lettrine.sty)             (for loversize=0, accent excluded),
(lettrine.sty)             Lettrine height = 18.9993pt (L);
(lettrine.sty)             reported on input line 4431.

Underfull \vbox (badness 10000) has occurred while \output is active []

 [281


]
Underfull \vbox (badness 10000) has occurred while \output is active []

 [282]
Underfull \vbox (badness 10000) has occurred while \output is active []

 [283]
Underfull \vbox (badness 10000) has occurred while \output is active []

 [284])
[285] [286

] (./novel.aux)
 ***********
LaTeX2e <2023-11-01> patch level 1
L3 programming layer <2024-01-22>
 ***********
Package rerunfilecheck Info: File `novel.out' has not changed.
(rerunfilecheck)             Checksum: 22201867FBDDC71492DA94D39F4890A6;5265.
 ) 
Here is how much of TeX's memory you used:
 15143 strings out of 476824
 311387 string characters out of 5803867
 1929627 words of memory out of 5000000
 36817 multiletter control sequences out of 15000+600000
 561424 words of font info for 78 fonts, out of 8000000 for 9000
 40 hyphenation exceptions out of 8191
 79i,13n,113p,1509b,336s stack positions out of 10000i,1000n,20000p,200000b,200000s

Output written on novel.pdf (292 pages).
